id,restaurant known for,delivery_rating,delivery_review_number,location,timings,average_price,Dishes,cuisines
1,"Overall the Food was Good, Juice Prices, Good Service Provider, Excellent Food and Service, Valet Service, Gastronomical Experience",4.2,19.7,"Shivajinagar, Bangalore",11am – 2:30am,950,"Chicken Kheema Dosa, Mutton Shaadi Ki Biryani, Keema Dosa, Chicken Manchurian Masala, Mutton Raan, Idiyappam","['North Indian', 'Biryani', 'Kebab', 'South Indian', 'Mughlai', 'Chinese', 'Seafood']"
2,"Cleanliness, Cutlery, Management, Table, Portions, Flavour",4.2,7,"Residency Road, Bangalore",10am – 1am,1000,"Brain Pepper Fry, Bheja Fry, Kababs, Chicken Kabab, Grilled Chicken, Ghee Rice","['North Indian', 'Mughlai', 'Chinese', 'Biryani', 'Seafood', 'Desserts', 'Shake', 'Beverages']"
3,"Cute Packaging, Weekend Brunch, Good Wifi, Food Presentation, Extensive Menu, Student Crowd",3.8,1,"Brigade Road, Bangalore","12midnight – 1am, 11am – 12midnight",500,"Maggie, Hot Wings, Cheesecake, Fries, Chicken","['Fast Food', 'Burger', 'Biryani', 'Desserts', 'Beverages']"
4,,4.3,2,"Shanti Nagar, Bangalore",7am – 7pm,600,,"['South Indian', 'North Indian', 'Biryani', 'Chinese', 'Street Food', 'Sandwich', 'Ice Cream', 'Beverages']"
5,"Authentic, Hygienic, Perfect Presentation, Wonderful Presentation, Customizable Food, Timely Service",4.5,2,"Ejipura, Bangalore",12noon – 10:45pm,500,"Manipuri Fish Curry, Smoked Pork, Momos, Chicken","['Chinese', 'North Eastern', 'Beverages']"
6,"Very Affordable, Proper Packaging, Wonderful Presentation, Perfect Presentation, Cute Packaging, Great Portions",4.1,2,"Brigade Road, Bangalore","12midnight – 3am, 11am – 12midnight",450,"Sandwiches, Roll, Meat, Chicken","['Burger', 'Fast Food']"
7,"Delivery Person, Weekend Brunch, Excellent Taste, Nice Taste, Best Food, Good Quantity",4,33.2,"Shivajinagar, Bangalore",8am – 6am,2000,"Chicken Manchurian Roll, Mutton Briyani, Dal Fry, Ghee Rice","['North Indian', 'Chinese', 'Sichuan']"
8,"Value for Money, Ambience, Service, Food",3.9,525,"Frazer Town, Bangalore","12midnight – 2am, 11am – 12midnight",300,,"['Pizza', 'Pasta', 'Italian', 'Fast Food']"
9,,4.3,518,"Shivajinagar, Bangalore",9am – 9pm,350,,"['Bakery', 'Desserts', 'Italian', 'Thai', 'Fast Food']"
10,"Boneless Chicken Biryani, Serving Size, Themed Decor, Ample Seating Area, Relaxed Atmosphere, Good Value",4.4,30,"Residency Road, Bangalore","12midnight – 1:30am, 11:30am – 12midnight",1000,"Meghna Special Chicken Biryani, Mix Veg Curry, Panner Biryani, Chicken Boneless, Lemon Chicken, Veg Biriyani","['Biryani', 'Andhra', 'North Indian', 'Seafood']"
11,"Satisfying Meals, Serving Style, Ample Seating Area, Good for Large Groups, Communication, Relaxed Atmosphere",4.3,4,"Residency Road, Bangalore","11:30am – 3:45pm, 6:30pm – 10:45pm",1000,"Spicy Daal, Prawn Pepper Fry, Mutton Keema Balls, Mutton Roast, Non Veg Biryani, Gun Powder","['Andhra', 'Biryani', 'North Indian', 'Seafood']"
12,,4,892,"Richmond Town, Bangalore",,300,,"['Continental', 'Chinese', 'Oriental', 'Asian', 'Healthy Food', 'Sandwich']"
13,,4.3,1,"1 Sobha, Bangalore",11am – 11pm,1000,,"['Kerala', 'Oriental', 'South Indian', 'Chinese', 'Seafood', 'Desserts', 'Beverages']"
14,"Young Crowd, Customizable Food, Fresh Food, Good Taste, Good Quality, Portion Size",4.3,2,"Ejipura, Bangalore",12noon – 10:30pm,300,,"['Naga', 'Chinese', 'Beverages']"
15,"Bang for the Buck, Pocket Friendly, Cozy Ambiance, Good Offers, Nice Crowd, Polite Staff",4,13.1,"Commercial Street, Bangalore","12midnight – 2am, 7am – 12midnight",400,"Cookie Crunch, Chicken Whooper Burger, Cheesy Chicken Fries, Burger, Wings, Shake","['Burger', 'Fast Food', 'Desserts', 'Beverages']"
16,"Great Recommendations, Good Crowd, Delivery Person, Wonderful Presentation, Manager, Best Place",4.1,5,"Shanti Nagar, Bangalore","12midnight – 1am, 11am – 12midnight",600,,"['Pizza', 'Italian', 'Pasta', 'Fast Food', 'Desserts', 'Beverages']"
17,"Not very Crowded, Economical, Casual Seating Area, Great Recommendations, Prompt Service, Great Taste",3.9,7,"MG Road, Bangalore",10am – 2:45am,400,"Veg Pizza Mcpuff, Mcspicy Paneer, Peri Fries, Burgers","['Cafe', 'Burger', 'Desserts', 'Beverages', 'Fast Food']"
18,"Everything was very Good, Amazing Food at Amazing Price, Amazing Vibe, Good Service Good Quality, Ample Seating Area, Staff Behaviour",4,10.7,"Indiranagar, Bangalore","11:30am – 4pm, 6:30pm – 11pm",1000,"Drumstick Soup, Fish Tawa Fry, Pudina Paratha, Bamboo Chicken, Fried Rice Chicken, Butter Kulcha","['Andhra', 'Biryani', 'North Indian', 'Chinese', 'Desserts', 'Ice Cream', 'Beverages']"
19,"Ample Seating Area, Relaxed Atmosphere, Customer Service, Flavour, Tasty Food, Spicy",4.4,6,"Ulsoor, Bangalore",11am – 11pm,900,,"['Biryani', 'North Indian', 'Beverages']"
20,,3.8,117,"Koramangala 5th Block, Bangalore",,400,,"['Kerala', 'South Indian', 'Seafood', 'North Indian', 'Chinese', 'Shawarma', 'Biryani', 'Beverages']"
21,"Value for Money, Portion Size, Price, Service, Food",4.5,3,"Brigade Road, Bangalore",9:30am – 10pm,450,,"['Mithai', 'Desserts', 'Street Food']"
22,"Tamper Proof Packaging, Portions, Meals, Packing, Timely Service, Great Food",4.1,22.8,"Richmond Road, Bangalore",,2000,,"['Continental', 'Oriental', 'Asian', 'Healthy Food', 'Sandwich', 'Chinese', 'Desserts']"
23,"Food Tastes Great, Healthy and Delicious, Value for Money, Packaging, Taste, Food",4.3,1,"Seshadripuram, Bangalore",,2000,,"['Andhra', 'Biryani', 'South Indian', 'Desserts', 'Beverages', 'Hyderabadi']"
24,,4.1,415,"Thippasandra, Bangalore","11:30am – 4pm, 6:30pm – 12midnight",1000,,"['Biryani', 'Andhra', 'North Indian', 'Chinese', 'Kebab', 'Seafood', 'Desserts', 'Beverages']"
25,"Pocket Friendly Options, Gastronomical Experience, Good for Large Groups, Favorite Place, Good Quality Food, Decent Ambience",4.3,8,"St. Marks Road, Bangalore",8am – 11:30pm,1000,"Eggless Pastry, Corn Dog, Classic Stuffed Chicken Steak, Raspberry Cake, Chocolate Truffle Cake, Ferrero Rocher","['Burger', 'Italian', 'Desserts', 'Continental', 'American', 'Fast Food', 'Beverages']"
26,,4.5,5,"Basavanagudi, Bangalore",11am – 12midnight,400,,"['Ice Cream', 'Desserts', 'Shake', 'Beverages']"
27,"Themed Decor, Ample Seating Area, Sitting, Servings, Food Service, Waiting Time",4.1,3,"MG Road, Bangalore","12midnight – 1am, 9am – 12midnight",1000,"Dry Chicken, Idiyappam, Mutton, Chicken Biriyani, Fish, Starters","['Biryani', 'South Indian', 'North Indian', 'Mughlai', 'Chinese', 'Seafood', 'Desserts', 'Beverages']"
28,"Good with Reasonable Price, Average Sized Portions, Customizable Dishes, Nice Packing, Good Wifi, Family Crowd",4.2,4,"St. Marks Road, Bangalore",11am – 11:30pm,1000,"Popcorn Chicken, Chicken Fry, Cheesecake, Chicken Biryani","['Andhra', 'Biryani', 'North Indian']"
29,,4,86,"Richmond Road, Bangalore",11:45am – 11pm,300,,"['Burger', 'Rolls', 'Fast Food', 'Roast Chicken']"
30,"Authentic, Gastronomical Experience, Comfortable Seating Area, Family Place, Good Quality Food, Friendly Service",4.2,10.5,"Frazer Town, Bangalore",11am – 3am,1000,"Mutton Kofta, Patthar Gosht, Matka Phirni, Chocolate Pan, Bheja Fry, Fry Prawns","['Biryani', 'Kebab', 'Mughlai', 'Arabian', 'South Indian', 'Rolls', 'Desserts', 'Beverages']"
31,"Serving Size, Healthy Food, Customer Service, Portion, Seating, Value for Money",4.4,4,"Mantri Square, Malleshwaram, Bangalore",11am – 11pm,450,"Mexican Sunrise, Taco, Spicy Chicken, Nachos","['Mexican', 'Healthy Food', 'American', 'Salad', 'Fast Food', 'Beverages']"
32,"Food Presentation, Worth the Money, Timely Service, Great Portions, Delicious Food",3.5,637,"Mantri Square, Malleshwaram, Bangalore",,2000,,"['Pizza', 'Pasta', 'Sandwich', 'Fast Food', 'Desserts', 'Beverages']"
33,"Reasonable Rates, Good for Large Groups, Low Price, Friendly Place, Cleanliness, Fast Delivery",4,36.4,"Malleshwaram, Bangalore",11:30am – 11:30pm,900,"Broast Chicken, Chicken Pepper Fry, Jumbo Roll, Shawarma Rolls, Chicken Shawarma, Rumali Roti","['North Indian', 'Biryani', 'Arabian', 'Mughlai', 'Chinese']"
34,"Delivery Person, Proper Packaging, Wonderful Presentation, Portion, Spicy, Good Taste",4.2,5,"Frazer Town, Bangalore","12midnight – 3am, 11am – 12midnight",400,,"['Burger', 'Fast Food', 'Wraps']"
35,"Serving Size, Quick Service, Flavour, Main Course, Tasty Food, Portion Size",4.3,5,"Richmond Road, Bangalore","12noon – 4pm, 7pm – 11:30pm",1000,,"['Chinese', 'Seafood', 'Thai', 'Rolls', 'Malaysian', 'Mughlai', 'Momos']"
36,"Good Taste, Timely Service, Fresh Food, Good Quality, Quantity",4.1,6,"Richmond Road, Bangalore","12noon – 4pm, 7pm – 10:30pm",950,,"['Biryani', 'North Indian', 'Hyderabadi', 'Kebab', 'Chinese', 'Andhra', 'Seafood']"
37,,3.9,3,"Banashankari, Bangalore","11am – 4:30pm, 6:30pm – 11:45pm",400,,"['Biryani', 'Fast Food', 'Chinese']"
38,"Tasty, Value for Money, Quality, Food",4.3,2,"Indiranagar, Bangalore",,300,,"['Biryani', 'South Indian', 'Kebab', 'Desserts', 'Beverages']"
39,"Delivery Instructions, Elegantly Decorated, Nice Crowd, Reasonable Prices, Prompt Service, Fast Delivery",3.8,68.8,"BTM, Bangalore",8:30am – 11:30pm,500,,"['Kerala', 'Biryani', 'South Indian', 'Arabian', 'Beverages', 'Juices', 'Shake', 'Chinese']"
40,,4.1,454,"Ulsoor, Bangalore",8am – 5pm,1000,,"['South Indian', 'Chinese', 'Beverages']"
41,"Excellent Taste, Portions, Spicy, Good Taste, Value for Money, Packing",4.2,10.4,"Indiranagar, Bangalore",11am – 11pm,850,,"['Biryani', 'Chettinad', 'Chinese', 'North Indian', 'Mughlai']"
42,"Pocket Friendly, Best Place, Presentation, Flavour, Prices, Value for Money",4.6,7,"Residency Road, Bangalore",11am – 11pm,300,"Caramel Crunch, Cake Fudge, Thick Shakes, Sundae, Ice Creams, Brownie","['Ice Cream', 'Desserts', 'Shake']"
43,"Location, Great Portions, Fresh Food, Delicious Food, Timely Service, Good Quality",4.2,2,"MG Road, Bangalore",7am – 10:30pm,2000,,"['South Indian', 'North Indian', 'Biryani', 'Chinese', 'Street Food', 'Sandwich', 'Ice Cream', 'Beverages']"
44,,3.5,3,"Richmond Town, Bangalore",12:30pm – 11:30pm,400,,"['North Indian', 'Kebab', 'Hyderabadi', 'Mughlai', 'Chinese', 'Rolls']"
45,,4.2,2,"Majestic, Bangalore",7:30am – 10pm,650,,"['South Indian', 'Chinese', 'Biryani', 'North Indian', 'Sandwich', 'Desserts', 'Juices', 'Beverages']"
46,,4.1,1,"Shanti Nagar, Bangalore",,1000,,"['Burger', 'Fast Food', 'American']"
47,,3.9,1,"UB City, Bangalore",7:30am – 11pm,600,,"['Healthy Food', 'Sandwich', 'Fast Food', 'Wraps', 'Salad', 'Beverages']"
48,"Cute Packaging, Food Presentation, Value for Money, Extensive Menu, Timely Service, Worth the Money",4.4,3,"Vasanth Nagar, Bangalore",,300,,"['Bakery', 'Desserts']"
49,"Economical, Tasty, Portion, Prices, Value for Money, Quality",4.5,3,"Commercial Street, Bangalore",10am – 10pm,1000,"Paneer Cutlet, Kaju Barfi, Pyaz Kachori, Cold Badam Milk, Kala Jamun, Kaju Katli","['Mithai', 'North Indian', 'Fast Food', 'Street Food']"
50,,4.2,3,"Cunningham Road, Bangalore",,2000,,"['Healthy Food', 'Pizza', 'North Indian', 'Burger', 'Biryani', 'Chinese', 'Desserts', 'Beverages']"
51,,4.1,25,"Hosur Road, Bangalore",,1000,,"['Bakery', 'Desserts', 'Mithai']"
52,,4.1,1,"Shanti Nagar, Bangalore",,2000,,"['Rolls', 'Wraps', 'Shawarma']"
53,,3.7,5,"Rajajinagar, Bangalore",,300,,"['Biryani', 'Kebab', 'North Indian', 'Rolls', 'Desserts', 'Chinese']"
54,"Student Crowd, Nice Food, Cute Packaging, Customizable Food, Elaborate Menu, Value for Money",4.3,2,"Frazer Town, Bangalore","12midnight – 2am, 11:30am – 12midnight",950,,"['Biryani', 'Andhra', 'North Indian', 'Chinese', 'Mughlai', 'Beverages']"
55,,4.1,876,"Shanti Nagar, Bangalore",,450,,"['Biryani', 'Kebab', 'North Indian']"
56,"Very Affordable, Tamper Proof Packaging, Extensive Menu, Great Portions, Quantity, Value for Money",4,959,"Mantri Square, Malleshwaram, Bangalore",10am – 10pm,550,,['Chinese']
57,"Nice Taste, Nice Service, Good Quantity, Nice Food, Good Taste, Awesome Food",3.9,32.4,"BTM, Bangalore",9am – 4am,1000,,"['Kerala', 'Biryani', 'South Indian', 'Arabian', 'Beverages', 'Juices', 'Shake', 'Chinese']"
58,,4.1,7,"Koramangala 7th Block, Bangalore","11am – 4pm, 7pm – 12midnight",300,,"['Biryani', 'South Indian', 'Kebab']"
59,"Authentic, Ample Seating Area, Relaxed Atmosphere, Good Service Good Quality, Family Place, Waiting Time",4.1,5,"Jayanagar, Bangalore",9:30am – 11pm,1000,"Aloo Parathaas, Fruit Cream, Aloo Poori, Paneer do Pyaza, Spicy Fries, Masala Chaas","['North Indian', 'Fast Food', 'Street Food', 'Desserts']"
60,"Quality Food, Location, Good Taste, Value for Money, Staff, Price",4.3,9,"Residency Road, Bangalore",7am – 10pm,2000,,"['South Indian', 'Chinese', 'Street Food', 'Beverages', 'North Indian', 'Shake']"
61,"Breakfast, Good Taste, Elaborate Menu, Customizable Food, Fresh Food, Good Quality",4,17.5,"Frazer Town, Bangalore",7am – 9:30pm,450,,"['South Indian', 'Chinese', 'North Indian', 'Sichuan', 'Beverages']"
62,"Prices, Staff, Value for Money, Service, Food",4.2,773,"Ulsoor, Bangalore",8am – 10pm,300,,"['Bakery', 'Desserts']"
63,"Unlimited Refills, Elegantly Decorated, Office Crowd, Pocket Friendly, Great Recommendations, Best Quality",4.1,54.3,"BTM, Bangalore","11:30am – 5pm, 6pm – 1am",300,"Sprout Salad, Gulabjamun, Kadhai Paneer, Makhani, Veg Thali, Rajma","['North Indian', 'Chinese', 'Sichuan', 'Salad', 'Beverages']"
64,"Value for Money, Quantity, Food, Service",4.2,1,"Sadashiv Nagar, Bangalore",,2000,,"['Biryani', 'Andhra', 'Hyderabadi', 'South Indian']"
65,"Unlimited Refills, Casual Seating Area, Lip Smacking Food, Cordial Staff, Prompt Service, Ambiance",3.7,2,"Garuda Mall, Magrath Road, Bangalore",11am – 11pm,400,,"['Mexican', 'Wraps', 'Fast Food']"
66,,3.8,380,"St. Marks Road, Bangalore",,1000,,"['Shawarma', 'Wraps']"
67,,3.8,18,"BTM, Bangalore",12noon – 12midnight,300,,"['Biryani', 'North Indian']"
68,"Great Place, Good Place, Value for Money, Food Quality, Ambience, Service",4.5,1,"St. Marks Road, Bangalore",11am – 11pm,300,,"['Ice Cream', 'Shake']"
69,,4.4,1,"Seshadripuram, Bangalore","12midnight – 2am, 10am – 12midnight",350,,"['Waffle', 'Pancake', 'Ice Cream', 'Desserts', 'Beverages']"
70,"Elegantly Decorated, Good Crowd, Reasonable Prices, Great Recommendations, Prompt Service, Low Price",4.3,21.7,"Rajajinagar, Bangalore","7:15am – 11am, 12noon – 4:15pm, 6:45pm – 11pm",450,"Nalli Fry, Brain Pepper Fry, Mutton Dry, Mutton Masala, Ragi Ball, Chilly Chicken","['Biryani', 'North Indian', 'South Indian', 'Mughlai']"
71,"Comfortable Seating Area, Takeaway, Packed on Weekends, Clean Place, Relaxed Atmosphere, Authenticity",3.9,2,"Jayanagar, Bangalore",10:45am – 5pm,450,"Karnataka Style Biryani, Biryani Paratha, Spicy Chilli Chicken, Mutton Dry, Authentic Donne Biryani, Mutton Chukka","['Biryani', 'South Indian']"
72,,3.5,102,"Residency Road, Bangalore",9am – 9pm,300,,"['Beverages', 'Shake', 'Juices', 'Ice Cream', 'Desserts', 'Burger', 'Fast Food']"
73,"Casual Seating Area, Inexpensive, Cute Little Place, Great Recommendations, Prompt Service, Quick Delivery",4.4,36,"Basaveshwara Nagar, Bangalore",7am – 10pm,300,"Sagu Masala Dosa, Bhel Puri, Paneer Butter Masala, Idli, Tea","['South Indian', 'North Indian', 'Chinese', 'Street Food', 'Mithai', 'Beverages', 'Ice Cream']"
74,"Extensive Menu, Cute Packaging, Food Presentation, Timely Service, Delicious Food, Prices",3.2,1,"Rajajinagar, Bangalore",24 Hours,1000,,"['Pizza', 'Burger', 'Fast Food']"
75,,4.1,3,"Hosur Road, Bangalore",,2000,,"['Continental', 'Chinese', 'Oriental', 'Asian', 'Healthy Food', 'Sandwich']"
76,"Pocket Friendly, Mouth Watering Food, Nice Food, Tasty Food, Value for Money, Good Food",4.1,9,"Vijay Nagar, Bangalore",7:15am – 10:30pm,400,,"['South Indian', 'North Indian', 'Chinese']"
77,"Good Taste, Portion, Good Quality, Fresh Food, Good Food",4,18.6,"JP Nagar, Bangalore",12:30pm – 10:30pm,300,,"['Rolls', 'Biryani', 'Chinese', 'North Indian', 'Sichuan']"
78,,4.1,717,"Shanti Nagar, Bangalore",,2000,,"['North Indian', 'Biryani', 'Mughlai']"
79,"Value for Money, Worth the Money, Great Portions, Good Quality",3.8,3,"Rajajinagar, Bangalore",,1000,,"['Fast Food', 'Burger', 'Pizza']"
80,,4.2,107,"Sanjay Nagar, Bangalore",11am – 12midnight,2000,,"['Chinese', 'Japanese', 'Thai', 'Indonesian', 'Asian']"
81,,4,5,"Jeevan Bhima Nagar, Bangalore",7am – 10:20pm,300,,"['South Indian', 'North Indian', 'Chinese', 'Street Food', 'Beverages', 'Shake']"
82,,4.4,2,"Lavelle Road, Bangalore",8am – 11pm,500,,"['Bakery', 'Desserts', 'Fast Food', 'Beverages']"
83,,4.5,564,"Wilson Garden, Bangalore",,1000,,"['Ice Cream', 'Desserts']"
84,,4.2,68,"Shanti Nagar, Bangalore",,1000,,"['North Indian', 'Mithai', 'Fast Food']"
85,"Pocket Friendly, Hygiene, Prices, Best Place, Value for Money, Quality",4.2,4,"Jayanagar, Bangalore",8am – 9:30pm,400,"Veg Puff, Chocolate Truffle, Red Velvet Cake, Cakes, Roll, Snacks","['Bakery', 'Desserts']"
86,"Value for Money, Quality, Food, Service",4.3,893,"Majestic, Bangalore",8am – 10pm,2000,"Pani Puri, Sweets, Parathas, Snacks","['Mithai', 'Street Food', 'Fast Food']"
87,"Fast Delivery, Nice Taste, Best Food under Best Budget, Good Quantity, Nice Food, Good Taste",4.3,28.2,"Vijay Nagar, Bangalore",7:30am – 9:45pm,450,,"['South Indian', 'North Indian', 'Mithai', 'Chinese', 'Biryani']"
88,"Amazing Interiors, Fantastic Decoration, Awesome Spot to Hangout, Cheap and Affordable, Concept, Good Quantity",4.2,4,"Koramangala 6th Block, Bangalore",10am – 12midnight,600,"Matka Phirni, Hyderabadi Chicken Biryani, Chicken Ghee Roast, Chicken 65, Briyani, Veg Biryani","['Biryani', 'Hyderabadi', 'Kebab', 'North Indian', 'Ice Cream', 'Desserts']"
89,,4.2,2,"Vijay Nagar, Bangalore",,1000,,"['Biryani', 'South Indian', 'Chinese']"
90,"Hygenic Place, Good Packing, Nice Taste, Food Taste, Perfect Place, Perfect Presentation",4.1,21.2,"Malleshwaram, Bangalore",7am – 10:30pm,500,,"['North Indian', 'South Indian', 'Chinese', 'Sandwich', 'Street Food', 'Ice Cream', 'Juices', 'Beverages']"
91,"Great Taste, Flavour, Customizable Food, Packing, Tasty Food, Elaborate Menu",4.2,4,"Thippasandra, Bangalore",11am – 11:45pm,400,,"['Biryani', 'Kebab', 'Mughlai', 'North Indian', 'Desserts']"
92,,4.5,2,"Frazer Town, Bangalore",,1000,,"['Ice Cream', 'Desserts']"
93,"Best Food under Best Budget, Prices, Good Taste, Value for Money, Fresh Food, Good Quality",4,3,"Basavanagudi, Bangalore",10:30am – 11:30pm,500,,"['Biryani', 'South Indian']"
94,"Pocket Friendly Place, Cozy Ambience, Peaceful Ambience, Outside Seating, Staff Service, Outdoor",4.3,6,"Lavelle Road, Bangalore",9am – 12midnight,800,"Red Velvet Chocolate Cupcake, Signature Coffee, Chicken Pie, Cinnamon Roll, Quiche, Macaroon","['Bakery', 'Cafe', 'Italian', 'Continental', 'Fast Food', 'Beverages', 'Desserts']"
95,,4.1,413,"Church Street, Bangalore",10am – 1am,400,,"['Momos', 'Fast Food', 'Chinese', 'Tibetan', 'Sichuan', 'Beverages', 'Desserts']"
96,"Nice Food Nice Service, Live Grill, Customizable Dishes, Excellent Experience, Very Affordable, Family Crowd",3.6,920,"Jatti Building, Koramangala 5th Block, Bangalore",11am – 11pm,1000,"Cheesecake, Gulab Jamun, Deserts, Starter, Buffet, Meat","['Biryani', 'BBQ', 'Kebab', 'North Indian', 'Desserts']"
97,"Pocket Friendly Place, Favorite Place, Decent Ambience, Decent Place, Authentic Taste, Good Value",4.2,5,"Indiranagar, Bangalore","12noon – 4pm, 7pm – 11pm",950,"Chicken Chaat, Chicken Lababdar, Punjabi Paneer, Achari Paneer, Jal Jeera, Mango Lassi","['North Indian', 'Mughlai']"
98,"Cleanliness, Seating Area, Best Food under Best Budget, Hygiene, Contactless Delivery, Nice Food",3.9,9,"Malleshwaram, Bangalore","11am – 4pm, 6:30pm – 10:30pm",300,,"['Biryani', 'South Indian']"
99,,4.1,1,"Cunningham Road, Bangalore",,2000,,"['North Indian', 'Healthy Food', 'South Indian', 'Fast Food', 'Mithai', 'Juices', 'Desserts', 'Beverages']"
100,"Pocket Friendly, Nice Taste, Cutlery, Tasty, Good Taste, Flavour",3.2,20.5,"BTM, Bangalore",24 Hours,400,,"['Biryani', 'North Indian', 'Chinese', 'Fast Food', 'Street Food', 'Sichuan', 'Desserts', 'Beverages']"
101,,4.1,948,"Basaveshwara Nagar, Bangalore","12midnight – 3am, 7am – 12midnight",300,,"['South Indian', 'Biryani', 'Chinese', 'Street Food']"
102,"Portion Size, Value for Money, Packaging, Ambience, Service, Food",4.1,421,"Hosur Road, Bangalore","11:45am – 5pm, 5:45pm – 12midnight",1000,,"['Chinese', 'Thai', 'Asian', 'Seafood', 'Sichuan', 'Desserts', 'Beverages']"
103,"Tandoori, Nice Taste, Fast Delivery, Good Quantity, Best Food, Great Taste",4,61.5,"BTM, Bangalore","11am – 11:30pm, 12midnight – 3am",500,"Hyderabadi Lamb Biryani, Spicy Chicken, Paneer Biryani, Kabab","['Biryani', 'North Indian', 'Chinese', 'Hyderabadi', 'Andhra', 'Wraps', 'Sichuan']"
104,"Loved it, Great Veg Options, Delicious Taste, Mouth Watering Food, Healthy and Delicious, Fresh Food with Good Quality",4.3,5,"Indiranagar, Bangalore",9am – 7pm,300,,"['North Indian', 'Street Food', 'Desserts']"
105,"Combo, Good Taste, Tasty, Price, Spicy, Good Service",3.5,10,"Vijay Nagar, Bangalore",,2000,,"['South Indian', 'Biryani']"
106,,4.4,87,"Garuda Mall, Magrath Road, Bangalore",11am – 10pm,1000,,"['Ice Cream', 'Desserts', 'Bakery', 'Shake', 'Beverages']"
107,,4,210,"Koramangala 5th Block, Bangalore",8am – 12midnight,500,,"['Kerala', 'South Indian', 'Chinese', 'Seafood', 'Beverages']"
108,,4,149,"Ulsoor, Bangalore",10am – 11pm,1000,,"['Street Food', 'Fast Food', 'North Indian', 'Beverages', 'Tea']"
109,"Quality Food, Chef, Tasty, Cute Packaging, Combo, Food Presentation",3.7,29.7,"Koramangala 7th Block, Bangalore",,1000,"Paneer Punjabi Masala, Afghan Chicken, Punjabi Chicken, Honey Chilli Potatoes, Authentic Punjabi Food, Tandoori Roti","['North Indian', 'Biryani', 'Mughlai', 'Chinese', 'Kebab']"
110,"Excellent Location, Hygienic, South Indian Food, Cleanliness, Portions, Fresh Food",4.3,4,"Richmond Road, Bangalore",7am – 9pm,1000,,"['South Indian', 'Beverages']"
111,,3.6,1,"Vasanth Nagar, Bangalore",,350,,"['Bakery', 'Desserts', 'Ice Cream', 'Shake', 'Beverages']"
112,"Economical Price, Student Crowd, Elaborate Menu, Good Taste, Prices, Fresh Food",4,6,"Basavanagudi, Bangalore",11am – 9:30pm,2000,,"['Street Food', 'Sandwich', 'Fast Food', 'Pizza', 'Burger']"
113,,4.1,130,"Koramangala 5th Block, Bangalore",,2000,,"['Kerala', 'Biryani', 'Chinese', 'South Indian', 'Seafood', 'Beverages']"
114,"Good Wifi, Weekend Brunch, Student Crowd, Elaborate Menu, Outdoor Seating, Customizable Food",4.3,968,"Lavelle Road, Bangalore",8am – 1am,700,"Cake Rusk, Black Forest Cake, Cheesecake, Hot Chocolate, Chocolate Cake, Pastry","['Asian', 'Italian', 'Salad', 'Pizza', 'Sandwich', 'Burger', 'Desserts', 'Beverages']"
115,"Service is Great, Clean and Hygienic Place, Sanitised Service, Ambience was Super Cool, Appetizers, Food Presentation",4.1,1,"Church Street, Bangalore",11:30am – 11pm,1000,"Garlic Bread Basket, Tiramisu, Onion Rings, Hummus, Pastas, Pizzas","['Pizza', 'Pasta', 'Continental', 'Italian', 'Salad', 'Desserts', 'Beverages']"
116,"Good Delivery, Delivery Time, Amazing Taste, Delicious Taste, Tamper Proof Packaging, Perfect Presentation",3.4,14.8,"Shivajinagar, Bangalore",7am – 5am,400,,"['North Indian', 'Chinese', 'Mughlai', 'Biryani']"
117,,4.2,432,"Indiranagar, Bangalore",10:30am – 10pm,2000,,"['Fast Food', 'Street Food', 'Maharashtrian', 'Rolls', 'Ice Cream']"
118,,3.7,10.3,"Indiranagar, Bangalore",,350,,"['South Indian', 'North Indian', 'Chinese', 'Beverages']"
119,"Parking, Breakfast, Meals, Manager, Tasty, Good Taste",4.3,11.9,"Rajajinagar, Bangalore",7am – 10:30pm,700,"Bisi Bele Bhaath, Sweet Pongal, Puliyogare, Babycorn Manchurian, Vada, Coffee","['South Indian', 'North Indian', 'Chinese', 'Biryani', 'Mithai', 'Shake', 'Beverages']"
120,"Chirpy Crowd, Customizations Available, Cozy Ambiance, Tandoori, Great Recommendations, Excellent Taste",4.1,29.4,"Koramangala 5th Block, Bangalore",12noon – 3am,400,,"['Biryani', 'Kebab', 'North Indian']"
121,"Inexpensive, Nice Crowd, Great Recommendations, Excellent Taste, Reasonable Prices, Nice Taste",4.3,20.3,"Vijay Nagar, Bangalore",11am – 11pm,300,"Lychee Ice Cream, Tawa Pulav, Sev Puri, Vada Pav, Milkshakes, Juices","['Fast Food', 'Chinese', 'Street Food', 'Burger', 'Pizza', 'Beverages', 'Ice Cream']"
122,"Ambience, Service, Packaging, Value for Money, Food",4,235,"Majestic, Bangalore",11am – 11pm,400,,"['Mithai', 'South Indian', 'North Indian', 'Sandwich', 'Street Food', 'Biryani', 'Beverages']"
124,"Nice Taste, Good Taste, Value for Money, Price",3.8,3,"Rajajinagar, Bangalore",,1000,,['Rolls']
126,"Fast Delivery, Healthy and Delicious, Wonderful Presentation, Perfect Presentation, Proper Packaging, Tasty Food",4.1,3,"Basavanagudi, Bangalore","11:30am – 5:30pm, 6:30pm – 10:30pm",2000,,['North Indian']
127,,3.9,1,"Rajajinagar, Bangalore",11am – 11pm,1000,,['Rolls']
128,,3.1,1,"BTM, Bangalore",10:45am – 11:45pm,450,,"['Biryani', 'North Indian', 'Mughlai', 'Chinese']"
129,,4.3,582,"Lavelle Road, Bangalore",7am – 11:52pm,600,,"['Cafe', 'Coffee', 'Desserts', 'Beverages']"
130,,3.8,127,"Lido Mall, Ulsoor, Bangalore",,2000,,"['Biryani', 'North Indian', 'Kebab', 'BBQ', 'Beverages', 'Desserts']"
131,,4.2,2,"Malleshwaram, Bangalore",7am – 8:45pm,1000,,['South Indian']
134,"Nice Taste, Good Quantity, Affordable Prices, Best Food under Best Budget, Nice Food, Good Taste",3.9,16.8,"Indiranagar, Bangalore",,1000,,"['North Indian', 'South Indian', 'Chinese', 'Mughlai', 'Biryani', 'Fast Food', 'Beverages', 'Desserts']"
135,"Great Services, More Variety, Cafe, Young Crowd, Decor, Great Ambience",4.1,2,"Church Street, Bangalore",7am – 10pm,2000,,"['Tea', 'Coffee', 'Beverages', 'Shake', 'Fast Food', 'Rolls', 'Desserts', 'Cafe']"
136,"Very Affordable, Delicious Taste, Excellent Taste, Fresh Food with Good Quality, Tasty, Portion",4.1,8,"BTM, Bangalore",,300,,"['Biryani', 'North Indian', 'Chinese']"
137,,3.8,5,"Rajajinagar, Bangalore",11am – 10:30pm,400,,"['Biryani', 'South Indian', 'Andhra']"
138,,4.3,57,"Wilson Garden, Bangalore",,50,,"['Ice Cream', 'Desserts']"
139,,3.8,1,"Brigade Road, Bangalore",10am – 2am,350,"Milkshakes, Shake, Chocolate, Coffee","['Shake', 'Beverages', 'Desserts', 'Ice Cream', 'Waffle', 'Healthy Food']"
140,"Romantic Seating, Crew, Lights, Best Food under Best Budget, Parking, Portions",4,1,"Church Street, Bangalore",11am – 11pm,350,"Spicy Burger, Choco Brownie, Mojito, Shakes, Fries, Drinks","['Burger', 'American', 'Fast Food', 'Wraps', 'Beverages', 'Shake']"
141,"Clean and Hygienic Place, Meals, Proper Packaging, Portion, Good Quality, Quantity",4,1,"Brigade Road, Bangalore",10:15am – 11:30pm,1000,,"['South Indian', 'Chettinad', 'North Indian', 'Biryani', 'Chinese', 'Sichuan', 'Desserts', 'Beverages']"
142,"Sevice and Food, Live Grill, Ample Seating Area, Brilliant Service, Excellent Experience, Great Value",3.7,921,"Lido Mall, Ulsoor, Bangalore","11am – 4pm, 6:30pm – 10:30pm",1000,"Fish Pakoda, Bbq Prawns, Pan Kulfi, Cajun Potatoes, Fish Chilli, Mutton Seekh","['North Indian', 'BBQ', 'Biryani', 'Kebab', 'Continental', 'Chinese', 'Beverages', 'Desserts']"
143,"Fantastic Decoration, Clean and Hygienic Place, Timely Service, Elaborate Menu, Fresh Food, Great Portions",3.8,1,"Church Street, Bangalore",10am – 1am,600,,"['Chinese', 'Oriental', 'Asian', 'Sichuan', 'Seafood', 'Momos']"
144,"Nice Food Quality, Family Restaurant, Family Place, Relaxed Atmosphere, Best Restaurant, Great Value",4,7,"Frazer Town, Bangalore",1pm – 3am,1000,"Chicken Shwarma Roll, Savoury, Jumbo Shawarma, Alfaham Chicken, Barbecue Chicken, Mutton Pepper Fry","['North Indian', 'Arabian', 'Chinese', 'Mughlai', 'Seafood', 'Shawarma', 'Desserts', 'Beverages']"
145,,3.8,9,"Old Airport Road, Bangalore",7am – 11pm,1000,,"['South Indian', 'North Indian', 'Chinese', 'Salad', 'Biryani', 'Ice Cream', 'Shake', 'Beverages']"
146,,4.1,2,"City Market, Bangalore",,1000,,['Mithai']
147,"Breakfast Joint, South Indian Food, Hygiene, Prices, Good Place, Ambiance",3.9,2,"RT Nagar, Bangalore",8am – 10pm,650,"Filtered Coffee, Gobi Manchurian, Masala Dosa, Vada, Fried Rice, Chutney","['South Indian', 'North Indian', 'Chinese', 'Sichuan', 'Fast Food', 'Desserts', 'Shake', 'Beverages']"
148,,4.4,1,"Richmond Road, Bangalore",10am – 10pm,400,,"['Desserts', 'Beverages']"
149,"Good Music, Young Crowd, Elaborate Menu, Customizable Food, Fresh Food, Good Quality",4.4,771,"Church Street, Bangalore",11:30am – 11pm,700,,"['Sandwich', 'Wraps', 'Pasta', 'Salad', 'Desserts', 'Continental']"
150,"Safe Delivery, Perfect Service, Prompt Delivery, Low Price, Reasonable Rate, Contactless Delivery",3.2,40.4,"BTM, Bangalore",24 Hours,1000,"Chicken Dum Biryani, Chicken Fried Rice, Gobi Manchurian, Chilli Chicken, Salad","['Biryani', 'North Indian', 'Mughlai', 'Fast Food', 'Beverages', 'Sichuan']"
151,,3.6,189,"Brigade Road, Bangalore",,1000,,['North Indian']
152,,4.3,124,"Seshadripuram, Bangalore",,1000,,"['South Indian', 'Andhra']"
153,,4.2,471,"Shanti Nagar, Bangalore",,2000,,"['North Indian', 'Biryani', 'Mughlai']"
154,"Cheap, Food Quantity, Customer Service, Management, Tasty, Hospitality",4.2,7,"BTM, Bangalore",7am – 9:30pm,300,"Meat Fry, Ayala Fry, Egg Roast, Chicken Roast, Appam, Chicken Biriyani","['Kerala', 'South Indian', 'Biryani']"
155,"Affordable Rate, Serving Staff, Pocket Friendly Restaurant, Comfortable Seating Area, Nice Hospitality, Gastronomical Experience",3.7,24.5,"Basaveshwara Nagar, Bangalore",11am – 12midnight,1000,"Paneer Chatpata, Ghee Roast Mutton, Sea Food Platter, Tangdi Kabab, Barbeque Chicken, Grill Chicken","['Arabian', 'North Indian']"
156,,4.1,286,"Seshadripuram, Bangalore",,300,,"['Biryani', 'South Indian', 'Mughlai', 'Andhra', 'Desserts', 'Hyderabadi']"
157,,4.2,709,"Indiranagar, Bangalore",,1000,,"['Bakery', 'Desserts']"
158,,4.3,501,"Commercial Street, Bangalore",,2000,,"['North Indian', 'Healthy Food', 'Beverages', 'Desserts']"
159,,4,707,"Malleshwaram, Bangalore",10am – 10pm,2000,,"['North Indian', 'Street Food', 'Fast Food', 'Desserts', 'Beverages']"
162,"Reasonable Cost, Gastronomical Experience, Excellent Taste, Cutlery, Good Quantity, Tasty",4.2,9,"Malleshwaram, Bangalore",11am – 11pm,950,,['Biryani']
163,,4.2,958,"Koramangala 7th Block, Bangalore",,2000,"Bubble Tea, Momos, Burgers, Drink","['Bubble Tea', 'Burger', 'Beverages', 'Tea', 'Fast Food', 'Street Food', 'Momos', 'Shake']"
164,"Best Food under Best Budget, Great Portions, Price, Quantity, Value for Money, Food",4.1,599,"Frazer Town, Bangalore",,2000,,"['South Indian', 'Chettinad', 'Tamil']"
165,"Mouth Watering Food, Best Food, Excellent Food, Nice Food, Meals, Food Taste",4.1,9,"Old Airport Road, Bangalore","12noon – 4pm, 7pm – 11pm",300,"Mutton Thali, Fish Masala, Fish Thali, Mushroom Masala, Fish Curry","['North Indian', 'Odia']"
166,,3.9,199,"Shanti Nagar, Bangalore",,2000,,"['Biryani', 'Mughlai']"
167,,3.8,2,"Domlur, Bangalore",24 Hours,400,,"['Burger', 'Sandwich', 'Fast Food', 'Wraps', 'Biryani', 'Beverages', 'Desserts']"
168,"Perfect Presentation, Wonderful Presentation, Delicious Food, Location, Tamper Proof Packaging, Great Portions",4,1,"Church Street, Bangalore",10am – 2am,800,"Paneer 65, Chicken 65, Paneer Biryani, Gulab Jamun, Mutton Biryani, Chicken Biryani","['Biryani', 'Hyderabadi', 'Mughlai']"
169,"Comfortable Seating Area, Good Place, Price, Quantity, Service",4,2,"Commercial Street, Bangalore",9am – 10:30pm,1000,"Masala Pepsi, Raj Kachori, Chaat, Sweets, Lassi, Paratha","['North Indian', 'Fast Food', 'Street Food', 'Biryani', 'Chinese', 'Desserts', 'Beverages']"
170,,4,256,"Old Airport Road, Bangalore",8am – 10:30pm,1000,,"['Kerala', 'South Indian']"
171,,4.3,1,"Basavanagudi, Bangalore",8am – 9:30pm,1000,,"['Mithai', 'Street Food']"
172,"Prompt Service, Amazing Food, Portion, Spicy, Quantity",3.5,6,"Old Madras Road, Bangalore",11am – 3am,450,,"['North Indian', 'Mughlai', 'Chinese', 'Kebab', 'Rolls', 'Seafood', 'Arabian', 'Biryani']"
173,,4,429,"Cunningham Road, Bangalore",,2000,,"['North Indian', 'South Indian', 'Healthy Food', 'Desserts', 'Beverages', 'Andhra', 'Mithai', 'Pizza']"
174,"Pocket Friendly Place, Ample Seating Area, Breakfast, Nice Food, Location, Spicy",4,24.1,"BTM, Bangalore",7am – 11pm,850,"Masala Dosa, Vada, Fried Rice, Tea","['South Indian', 'North Indian', 'Chinese', 'Biryani', 'Sandwich', 'Street Food', 'Desserts', 'Shake']"
175,"Good Taste, Fresh Food, Good Quality, Good Service, Good Food",3.5,8,"Kumaraswamy Layout, Bangalore",8am – 12midnight,300,,"['North Indian', 'Chinese', 'Juices', 'Shake']"
176,"North Indian, Comforting Atmosphere, Self Service, Beautiful Place, Food Presentation, Breakfast",4.1,3,"Koramangala 7th Block, Bangalore",8am – 11pm,300,"Chole Bhature, Jalebi, Chai, Gulab Jamun, Snacks","['Street Food', 'North Indian', 'Beverages']"
177,"Good Quantity, Reasonable Price, Spicy, Good Taste, Fresh Food, Good Food",3.5,17,"Banashankari, Bangalore",8am – 12midnight,400,,"['North Indian', 'Chinese']"
178,"Quick Service, Food Taste, Best Place, Spicy, Main Course, Good Ambience",4.1,6,"Rajajinagar, Bangalore","11:30am – 3:30pm, 6:30pm – 10:30pm",1000,"Chicken Ghee Roast, Mutton Biriyani, Pepper Chicken, Chilly Chicken, Chicken Biriyani, Kabab","['Andhra', 'North Indian', 'Chinese', 'Biryani', 'Mughlai', 'Oriental']"
179,,4.1,2,"Indiranagar, Bangalore",,1000,,"['Bakery', 'Desserts']"
180,"Good Options, Atmosphere, Proper Packaging, Wonderful Presentation, Fast Service, Student Crowd",4.4,387,"UB City, Bangalore",8am – 11pm,700,"Honey Mustard Chicken, Chocolate Croissant, Cheesecake, Cappuccino, Drink, Desserts","['Cafe', 'Coffee', 'Tea', 'Beverages', 'Sandwich', 'Fast Food', 'Desserts', 'Pizza']"
181,"Very Affordable, Fresh Ingredients, Great Quality, Healthy Food, Reasonable Prices, Good Packaging",3.8,12.1,"BTM, Bangalore","9am – 4pm, 6pm – 12midnight",1000,"Methi Malai Matar, Kadai Mushroom, Lacha Paratha, Mushroom Manchurian, Mixed Fried Rice, Paneer Chilli","['North Indian', 'Chinese', 'Sichuan']"
182,"Quick Serving, Good Place, Value for Money, Good Quality, Service",4.1,2,"Basavanagudi, Bangalore",7:30am – 10pm,2000,,"['South Indian', 'Chinese', 'Street Food', 'North Indian']"
183,"Economical, Low Price, Good Quantity, Tasty, Excellent Food, Nice Food",4.2,51.4,"BTM, Bangalore",7am – 11pm,400,"Moru Curry, Pothichoru, Porotta, Chicken Roast, Appam, Chicken Curry","['Kerala', 'South Indian', 'Chinese', 'Sichuan']"
184,"Nice Place, Good Place, Menu, Portion Size, Value for Money, Food",4.3,1,"St. Marks Road, Bangalore",10am – 10pm,2000,"Fruit Bowl, Juices, Pani Puri, Sandwiches","['Juices', 'Beverages', 'Sandwich', 'Fast Food', 'Shake', 'Rolls', 'Healthy Food', 'Street Food']"
185,"Fresh Food, Quantity, Good Quality, Experience",3.9,5,"Rajajinagar, Bangalore",7am – 10:30pm,300,,['South Indian']
186,"Soft Music, Fast Delivery, Student Crowd, Perfect Presentation, Young Crowd, Good Taste",4.1,1,"Cunningham Road, Bangalore",7am – 11pm,350,,"['Tea', 'Beverages', 'Sandwich', 'Street Food']"
187,"Elaborate Menu, Fresh Food, Customizable Food, Good Quality, Service",3.8,10.3,"BTM, Bangalore",8am – 10:30pm,2000,,"['Sandwich', 'Fast Food']"
188,,3.8,983,"BTM, Bangalore","12midnight – 2am, 12noon – 12midnight",1000,,"['Biryani', 'North Indian']"
189,"Food Color, Chinese Restaurant, Great Price, Decent Price, Decent Ambience, Appetizers",4.2,37.4,"Banashankari, Bangalore",12noon – 11pm,850,"Pepper Baby Corn, Special Fried Rice, Malaysian Noodles, Butter Garlic Noodles, Kung Pao Chicken, Honey Chilli Potato","['Chinese', 'Asian', 'Thai', 'Beverages']"
190,"Great Recommendations, Reasonable Prices, Nice Taste, Good Quantity, Hygiene, Good Taste",3.6,24.5,"BTM, Bangalore",11am – 11pm,300,"Punjabi Chicken, Mushroom Manchurian, Chicken 65, Paratha","['North Indian', 'Chinese', 'Biryani']"
191,"Reasonable Prices, Amazing Food, Good Taste, Portion Size, Value for Money, Food Quality",4.5,4,"City Market, Bangalore",Opens at 6pm,500,,['South Indian']
192,"Hygiene, Good Taste, Price, Good Food, Quantity",4.1,4,"Jeevan Bhima Nagar, Bangalore",9:30am – 10:30pm,300,,"['Mithai', 'North Indian', 'Street Food']"
193,,4.4,374,"Commercial Street, Bangalore",,350,,"['North Indian', 'Biryani', 'Mughlai', 'Kebab', 'Rolls', 'Desserts', 'Modern Indian']"
194,"Outside Seating, Live Band, Dessert Menu, Relaxed Atmosphere, Comfortable Seating Area, Live Music",4.3,1,"UB City, Bangalore",12noon – 10:30pm,1000,"Kahlua Mousse, Bruschetta Platter, Rustica Pizza, Ravioli, Risotto, White Wine","['Italian', 'Pizza', 'Pasta', 'Continental', 'Desserts', 'Steak', 'Seafood', 'Beverages']"
195,,4.3,1,"Sadashiv Nagar, Bangalore",10am – 9:30pm,2000,,"['Mithai', 'Street Food']"
196,,4,2,"Brigade Road, Bangalore",7am – 6pm,300,,"['South Indian', 'North Indian', 'Chinese', 'Beverages', 'Shake']"
197,"Flavour, Staff, Quality, Service, Food",4.3,1,"Garuda Mall, Magrath Road, Bangalore",10:30am – 10pm,400,,"['Desserts', 'Waffle', 'Beverages']"
198,,4,3,"Sadashiv Nagar, Bangalore",11am – 1am,300,,"['Biryani', 'South Indian']"
199,"Chirpy Crowd, Drive through, Office Crowd, Economical, Pocket Friendly, Great Recommendations",4.1,4,"Koramangala 7th Block, Bangalore","12midnight – 3am, 11am – 12midnight",750,"Rajma Masala, Mushroom Manchurian, Tandoori Roti, Pav Bhaji",['North Indian']
200,"Juice Prices, Good Wifi, Proper Packaging, Contactless Delivery, Cute Packaging, Timely Service",4.6,1,"Brigade Road, Bangalore","12midnight – 3am, 11am – 11pm",1000,"Sweet Lime Fresh Juice, Juice Shooters, Watermelons, Ice Cream Shakes, Rabdi Falooda, Chocolate Fudge Sundae","['Juices', 'Beverages', 'Shake', 'Ice Cream', 'Desserts']"
201,,4.2,319,"Seshadripuram, Bangalore",10:30am – 11:15pm,450,,"['Bakery', 'Desserts']"
202,"Ambience, Service, Packaging, Food, Value for Money",4.1,54,"Vijay Nagar, Bangalore",12:30pm – 11:15pm,300,,"['Shawarma', 'Burger', 'Wraps', 'Momos', 'Fast Food', 'Shake', 'Beverages']"
203,"Good Portions, Reasonable Prices, Tasty, Packing, Good Food, Menu",3.5,6,"BTM, Bangalore","10am – 3:30pm, 6:15pm – 11:15pm",400,,"['North Indian', 'Biryani']"
204,,3.7,275,"BTM, Bangalore",9am – 11:45pm,300,,['Bakery']
205,"Customizable Food, Good Taste, Spicy, Value for Money, Quantity, Delicious Food",4.1,9,"Rajajinagar, Bangalore",6:30am – 10:30pm,400,,"['North Indian', 'Street Food', 'Fast Food', 'South Indian', 'Chinese', 'Ice Cream', 'Shake']"
206,,4,8,"Banashankari, Bangalore",7am – 10:30pm,350,,"['South Indian', 'North Indian', 'Chinese', 'Street Food', 'Sandwich', 'Shake', 'Beverages', 'Ice Cream']"
207,"Breakfast Menu, Self Service, Nice Taste, Decent Place, Best Places, Quick Service",4.2,25.4,"Basavanagudi, Bangalore",7:30am – 10:30pm,300,"Roti Curry, Mushroom Masala, Masala Papad, Butter Roti, Spring Roll, Malai Kofta","['North Indian', 'Chinese', 'South Indian', 'Street Food', 'Fast Food', 'Desserts', 'Shake', 'Beverages']"
208,"Portion Size, Value for Money, Good Quality, Ambience, Service, Taste",4.4,1,"BTM, Bangalore",12:45pm – 11:30pm,400,,"['Fast Food', 'Burger', 'Shake', 'Beverages']"
209,,4.2,1,"Jeevan Bhima Nagar, Bangalore",11:15am – 12midnight,400,,"['Mangalorean', 'South Indian', 'Chinese']"
210,"Good Taste, Quantity, Good Food, Ambience",3.8,5,"Indiranagar, Bangalore","11am – 3:30pm, 7pm – 10:30pm",400,,"['North Indian', 'Chinese']"
211,,3.5,1,"Indiranagar, Bangalore","12midnight – 3am, 11am – 12midnight",1000,,"['Biryani', 'South Indian']"
212,,4.1,1,"Koramangala 6th Block, Bangalore",,300,,"['North Indian', 'Mughlai', 'Biryani', 'Rolls']"
213,"Family Place, Cleanliness, More Variety, Spicy, Best Place, Good Taste",4.3,5,"Majestic, Bangalore","11:30am – 4pm, 6:30pm – 10pm",450,"Chicken Fry, Chicken Kabab, Mutton Biriyani, Chilli Chicken, Chicken Biriyani, Kebab","['Andhra', 'Biryani']"
214,"Elaborate Menu, Good Quality, Ambience, Food, Taste",4.1,278,"Sankey Road, Bangalore","12noon – 4pm, 7pm – 11pm",1000,,"['Andhra', 'Biryani', 'North Indian', 'Chinese', 'Desserts', 'Juices']"
215,,3.9,77,"Koramangala 6th Block, Bangalore",,1000,,['Andhra']
216,,3.7,664,"Commercial Street, Bangalore",,2000,,"['North Indian', 'Street Food', 'Beverages']"
217,,4.2,344,"Seshadripuram, Bangalore",,2000,,['North Indian']
218,"Tasty, Good Taste, Elaborate Menu, Spicy, Fresh Food, Good Quality",4,6,"BTM, Bangalore",,1000,,"['South Indian', 'Maharashtrian', 'Sichuan', 'Street Food']"
219,"Excellent Food and Service, Yummy Food, Fancy Crowd, Weekend Brunch, Management, Spill Proof Packaging",4,11.5,"Shanti Nagar, Bangalore",24 Hours,350,"Aloo Pyaaz Paratha, Panner Butter Masala, Spicy Food, Chole Bhature, Shakes, Brownie","['North Indian', 'Chinese', 'Street Food', 'Beverages']"
220,,4.2,1,"RT Nagar, Bangalore",12:30pm – 11:30pm,400,,"['Pizza', 'Fast Food', 'Burger']"
221,,3.9,97,"Shanti Nagar, Bangalore",,2000,,"['Bakery', 'Desserts', 'Ice Cream']"
222,"Portion Size, Value for Money, Prices, Packaging, Food",4.4,2,"Frazer Town, Bangalore",11am – 9pm,1000,"Rich Plum Cake, Chicken Puff, Donuts, Pastries, Cakes, Snacks","['Bakery', 'Fast Food']"
223,"Cute Packaging, Food Presentation, Worth the Money, Great Portions, Timely Service, Elaborate Menu",3.9,123,"Garuda Mall, Magrath Road, Bangalore",10:45am – 10:45pm,500,,"['Pizza', 'Fast Food']"
224,"Meals, Hygiene, Breakfast, Quality Food, Awesome Food, Value for Money",4.4,14.4,"Jeevan Bhima Nagar, Bangalore",7am – 10pm,450,,"['North Indian', 'Chinese', 'South Indian', 'Beverages', 'Desserts', 'Juices', 'Ice Cream', 'Shake']"
225,,4.1,6,"Rajajinagar, Bangalore",11am – 11pm,1000,,"['Rolls', 'Burger', 'Sandwich']"
226,"Combo, Tasty, Good Food, Price",4.1,19.7,"Indiranagar, Bangalore",10:30am – 11:30pm,350,,"['Biryani', 'South Indian']"
227,"Great Recommendations, Food Quantity, Amazing Food, Great Ambiance, Excellent Food, Great Taste",4.4,42.4,"BTM, Bangalore",8am – 11pm,300,"Paneer Parantha, Veg Thali, Aloo Paratha, Raita, Roti, Lassi",['North Indian']
228,,4.4,837,"Shanti Nagar, Bangalore",11:30am – 11:30pm,300,,"['Beverages', 'Shake']"
229,,3.3,15,"BTM, Bangalore",11am – 12midnight,400,,"['Biryani', 'Chinese']"
230,,3.9,72,"Shanti Nagar, Bangalore",,2000,,"['North Indian', 'Biryani']"
231,"Bang for the Buck, Food was Good, Cute Little Place, Street Food, Prime Location, Sitting Area",3.9,83.2,"Koramangala 7th Block, Bangalore",8am – 9:30pm,400,"Makkhania Lassi, Ice Cream Faluda, Kesar Jalebi, Laccha Rabri, Hing Kachori, Malai Ghevar","['North Indian', 'Rajasthani', 'Fast Food', 'Mithai', 'Beverages', 'Desserts']"
232,,4.2,1,"Indiranagar, Bangalore",,1000,,"['Healthy Food', 'South Indian', 'North Indian', 'Biryani']"
233,"Meals, Portions, Good Taste, Great Place, Value for Money, Price",3.7,4,"Old Airport Road, Bangalore","11:30am – 4pm, 7pm – 11pm",1000,,"['Biryani', 'North Indian', 'Chinese', 'Seafood', 'Mughlai', 'Kebab', 'Beverages']"
234,"Elaborate Menu, Hygiene, Delivery Person, Young Crowd, Student Crowd, Good Wifi",4.4,7,"Indiranagar, Bangalore","12midnight – 12:30am, 10am – 12midnight",2000,"Key Lime Pie, Red Velvet Cheesecake, Carrot Cake, Cup Cakes, Cheese Cakes, Cookie","['Bakery', 'Desserts']"
235,"Economical, Cute Little Place, Comfort Food, Prompt Service, Good Taste, Value for Money",4.2,486,"Rajajinagar, Bangalore","12:15pm – 5:45pm, 7pm – 12midnight",350,,"['Biryani', 'North Indian']"
236,"Good Taste, Prices, Worth the Money, Good Food, Experience",4.1,22,"Ulsoor, Bangalore",7am – 10pm,400,,"['South Indian', 'North Indian', 'Chinese', 'Street Food', 'Desserts', 'Shake', 'Beverages']"
237,,3.8,1,"Basavanagudi, Bangalore",10am – 10pm,2000,,"['Sandwich', 'Fast Food', 'Beverages', 'Shake']"
238,"Excellent Location, Fantastic Decoration, Nice Concept, Served Quickly, Best Food under Best Budget, Fresh Food",3.5,614,"Banashankari, Bangalore",12noon – 11pm,300,,"['Biryani', 'Andhra']"
239,"Street Food, Best Places, Concept, Good Place, Menu, Price",4,2,"Seshadripuram, Bangalore",10am – 10pm,2000,"Twisted Potato, Bun Nippat Cheese, Masala Twistato, Masala Pepsi, Masala Soda, Snacks","['Fast Food', 'Sandwich', 'Pizza', 'Burger', 'Street Food', 'Beverages']"
240,,3.4,433,"Seshadripuram, Bangalore",11am – 11:55pm,2000,,"['Sandwich', 'Pizza', 'Fast Food', 'Street Food']"
241,"Cheap and Affordable, Spill Proof Packaging, Flavour, Timely Service, Packing, Portion",3.9,3,"Indiranagar, Bangalore",,300,"Special Fried Rice, Ramen, Bao, Dimsums, Chilli Paneer, Manchow Soup","['Asian', 'Thai', 'Vietnamese', 'Japanese', 'Indonesian', 'Chinese', 'Korean', 'Burmese']"
242,"Best in Service, Fair Prices, Served Quickly, Delicious Taste, Best Food under Best Budget, Value for Money",4.2,2,"Frazer Town, Bangalore",7am – 11pm,600,,"['South Indian', 'North Indian', 'Chinese']"
243,"Tasty, Value for Money, Good Taste, Customizable Food, Delicious Food, Fresh Food",4.1,7,"Shanti Nagar, Bangalore",7am – 11pm,400,,"['South Indian', 'North Indian', 'Chinese', 'Biryani', 'Street Food', 'Fast Food', 'Ice Cream', 'Beverages']"
244,"Tasty Food, Price, Good Food, Quality",4.4,3,"Frazer Town, Bangalore","1pm – 3pm, 6pm – 11pm",2000,"Crispy Chicken Roll, Rolls, Kababs, Biryani, Chicken","['North Indian', 'Mughlai', 'Arabian', 'Chinese', 'Seafood']"
245,"Variety of Pizza, Spill Proof Packaging, Packing, Tasty, Timely Service, Portion Size",4.6,3,"Koramangala 6th Block, Bangalore",,2000,,['North Indian']
246,"Contactless Delivery, Best Food, Wonderful Presentation, Proper Packaging, Great Portions, Packing",3.6,11.2,"Frazer Town, Bangalore",12:30pm – 11:30pm,300,,"['Rolls', 'Chinese', 'Momos', 'Fast Food']"
247,"Amazing Service, Elaborate Menu, Good Music, Customizable Food, Student Crowd, Fresh Food",4.4,512,"Church Street, Bangalore",12noon – 12midnight,950,,"['Sushi', 'Japanese', 'Korean', 'Asian', 'Beverages']"
248,"Combo, Good Taste, Good Food, Good Quality",3.8,16.8,"Hosur Road, Bangalore","12midnight – 12:30am, 12noon – 12midnight",400,,"['Arabian', 'Sandwich', 'Burger', 'Biryani', 'Lebanese', 'Beverages', 'Juices', 'Shake']"
249,,3.8,88,"Frazer Town, Bangalore",1:30pm – 12midnight,950,,"['Arabian', 'Lebanese', 'North Indian', 'Chinese', 'Mughlai', 'Beverages']"
250,"Family Crowd, Good Taste, Fresh Food, Good Quality, Service",4.2,4,"Basaveshwara Nagar, Bangalore","11am – 4:30pm, 6:30pm – 11pm",500,,"['South Indian', 'Seafood', 'North Indian', 'Chinese', 'Biryani', 'Mangalorean']"
251,"Fresh Food, Value for Money, Packaging, Taste",4.2,765,"Vijay Nagar, Bangalore",12:30pm – 10:30pm,1000,,"['Fast Food', 'Street Food']"
252,,4.1,274,"Rajajinagar, Bangalore",7am – 12midnight,500,,"['North Indian', 'South Indian', 'Chinese', 'Biryani', 'Street Food', 'Beverages']"
253,,4.2,1,"Frazer Town, Bangalore",11am – 11:30pm,300,,"['Biryani', 'South Indian']"
254,,3.8,2,"BTM, Bangalore",11:30am – 11pm,2000,,"['North Indian', 'Rolls', 'Chinese']"
255,"Very Nice Place to Hangout, Fairly Priced Beers, No Cover Charge, Variety of Selection, Awesome Location, Serving Style",4.1,2,"Church Street, Bangalore",9am – 12:30am,1000,"Crispy Sesame Honey Chilli Fries, Taco Soup, Gunpowder Calamari, Jalapeno Cheese Nads, Breakfast Tray, Bombay Bhel","['North Indian', 'Chinese', 'Biryani', 'Pasta', 'Burger', 'Pizza', 'Desserts', 'Beverages']"
256,"Good Delivery, Tasty, Flavour, Price, Experience, Good Food",3.7,23.2,"Vijay Nagar, Bangalore","11:30am – 4:30pm, 6:30pm – 11:30pm",400,,"['Mangalorean', 'South Indian', 'North Indian', 'Chinese']"
257,"Good Taste, Good Service, Good Food, Price",4.1,13.9,"Basaveshwara Nagar, Bangalore",7am – 11pm,850,,"['South Indian', 'North Indian', 'Chinese', 'Biryani', 'Ice Cream', 'Juices', 'Shake', 'Beverages']"
258,,4.2,4,"Domlur, Bangalore",11:30am – 11:30pm,2000,,"['Bengali', 'Biryani', 'Rolls']"
259,"Good for Large Groups, Comfortable Seating Area, Good Hygiene, Relaxed Atmosphere, Fancy Crowd, Quality of Food",3.8,37.9,"Koramangala 7th Block, Bangalore","12midnight – 3am, 11am – 12midnight",950,"Murgh Ke Sholey, Paneer Kali Mirch, Sarso Da Saag, Paneer Punjabi, Punjabi Chicken, Makke Di Roti","['North Indian', 'Chinese', 'Mughlai', 'Biryani', 'Beverages']"
260,,4.2,159,"Seshadripuram, Bangalore",,2000,,"['South Indian', 'Chettinad', 'Tamil']"
261,,3.7,82,"Old Airport Road, Bangalore",11am – 11pm,400,,"['Biryani', 'South Indian']"
262,"Best Hotel, Casual Seating Area, Pocket Friendly, Delivery Person, Breakfast, Tasty Food",4.3,17,"Basaveshwara Nagar, Bangalore",7am – 10:30pm,400,,"['South Indian', 'North Indian', 'Street Food', 'Chinese']"
263,"Good for Large Groups, Cleanliness, Breakfast, Decent Place, Family Crowd, Good Taste",4.2,13.4,"Vijay Nagar, Bangalore",7:30am – 10:30pm,1000,"Puri Saagu, Filter Kaapi, Masala Poori, Carrot Halwa, Vada, Dosa","['South Indian', 'North Indian', 'Chinese', 'Biryani']"
264,"Affordable Rate, Fast Delivery, Perfect Presentation, Cutlery, Spill Proof Packaging, Combo",3.4,18.7,"BTM, Bangalore",24 Hours,450,,"['Biryani', 'North Indian', 'Chinese', 'Desserts', 'Beverages', 'Sichuan']"
265,,3.7,4,"Majestic, Bangalore",6:30am – 11pm,600,,"['South Indian', 'North Indian', 'Chinese', 'Street Food', 'Biryani', 'Desserts', 'Ice Cream', 'Beverages']"
266,,3.9,97,"Vasanth Nagar, Bangalore",,2000,,"['Pizza', 'Italian', 'Fast Food', 'Beverages']"
267,"Good Value, Preparation, Family Crowd, Owner, Meals, Hygiene",4.3,5,"Koramangala 7th Block, Bangalore",11am – 10:30pm,500,"Bhetki Paturi, Aloo Posto, Authentic Bengali Food, Mutton, Sweets","['Bengali', 'Seafood']"
268,,3.9,704,"City Market, Bangalore",12noon – 10:30pm,1000,,['Rolls']
269,"Value for Money, Packaging, Ambience, Portion Size, Food",4.2,1,"Majestic, Bangalore","12midnight – 1am, 11:30am – 12midnight",700,,"['North Indian', 'Chinese', 'Mughlai', 'Biryani', 'Seafood', 'Rolls', 'Fast Food', 'Ice Cream']"
270,"Great Taste, Elaborate Menu, Food Presentation, Worth the Money, Value for Money, Delicious Food",4,4,"Rajajinagar, Bangalore",9am – 11:30pm,450,,"['Arabian', 'North Indian', 'South Indian', 'Salad', 'Biryani', 'Fast Food', 'Bakery']"
271,,3.5,165,"Koramangala 7th Block, Bangalore",10am – 11pm,400,,"['Bakery', 'Fast Food', 'Pizza', 'Sandwich', 'Burger', 'Desserts']"
272,,4.1,496,"Brigade Road, Bangalore",,1000,,"['South Indian', 'Kerala']"
273,"Quick Delivery, Cutlery, Portion, Good Taste, Main Course, Quantity",4.1,9,"Frazer Town, Bangalore",11:30am – 11pm,650,"Dragon Chicken, Schezwan Fried Rice, Chicken Momos, Manchow Soup, Chilli Chicken, Starters","['Chinese', 'Thai', 'Sichuan', 'Seafood']"
274,,3.6,484,"Indiranagar, Bangalore","12midnight – 4am, 6am – 12midnight",300,,"['North Indian', 'Chinese']"
275,,4,1,"Rajajinagar, Bangalore",,400,,"['Bakery', 'Desserts']"
276,"Management, Meals, Elaborate Menu, Food Taste, Customizable Food, Table",4.2,7,"Basaveshwara Nagar, Bangalore",7am – 10pm,2000,,['South Indian']
277,"Homely Ambience, Reasonable Price, Excellent Food, Quick Service, Awesome Food, Tasty Food",4.1,5,"Malleshwaram, Bangalore","11:30am – 3:30pm, 7:30pm – 9:30pm",2000,,['South Indian']
278,"Customizable Food, Fresh Food, Elaborate Menu, Good Taste, Good Quality, Worth the Money",4.2,6,"Koramangala 5th Block, Bangalore",8am – 10:30pm,300,,"['Kerala', 'South Indian', 'Biryani', 'Seafood', 'Beverages']"
279,"Young Crowd, Staff, Service, Packaging, Food Quality",4.6,341,"Brigade Road, Bangalore",10am – 11pm,2000,,"['Ice Cream', 'Desserts']"
280,,4.1,2,"Malleshwaram, Bangalore",8am – 10:30pm,400,,"['South Indian', 'North Indian', 'Chinese', 'Street Food', 'Ice Cream', 'Desserts', 'Shake', 'Beverages']"
281,,4,1,"RT Nagar, Bangalore",11am – 11pm,1000,,['Rolls']
282,,4.2,1,"HBR Layout, Bangalore",12:30pm – 11pm,300,,"['North Indian', 'Biryani', 'Chinese', 'Mughlai']"
283,,4,19,"Brigade Road, Bangalore","12midnight – 1am, 12noon – 12midnight",1000,,"['South Indian', 'North Indian', 'Chinese', 'Biryani', 'Seafood', 'Mandi', 'Desserts', 'Beverages']"
284,"Inexpensive, Filling Food, Delicious Taste, Mouth Watering Food, Best Food under Best Budget, Fresh Food with Good Quality",4.2,1,"Indiranagar, Bangalore",,2000,,"['Momos', 'Fast Food']"
285,,4.3,1,"Garuda Mall, Magrath Road, Bangalore",10am – 1am,400,,"['Beverages', 'Shake', 'Desserts']"
286,"Good Taste, Ambiance, Good Service, Good Food",4.1,3,"Vijay Nagar, Bangalore","11:45am – 3:45pm, 6:45pm – 10:45pm",800,,"['Andhra', 'North Indian', 'Chinese', 'Mangalorean', 'Seafood', 'Biryani']"
287,"Clean and Hygienic Place, Quality Food, Nice Food, Customizable Food, Good Taste, Delicious Food",4,3,"Richmond Road, Bangalore",,400,,"['South Indian', 'Chinese', 'North Indian', 'Biryani', 'Kebab', 'Momos', 'Rolls']"
288,"Staff Service, Comfortable Seating Area, Servings, More Variety, Family Place, Good Value",4.1,3,"Mantri Square, Malleshwaram, Bangalore","12noon – 3:30pm, 7pm – 11pm",1000,"Apple Jalebi, Dal Bhati Churma, Dal Kichadi, Rajasthani Thali, Dhokla, Khichdi","['Gujarati', 'North Indian', 'Rajasthani']"
289,"Great Veg Options, Worth the Money, Portion, Good Taste, Timely Service, Value for Money",3.7,2,"Rajajinagar, Bangalore",24 Hours,2000,,"['North Indian', 'Chinese']"
290,,4.1,660,"Indiranagar, Bangalore",,2000,,"['Healthy Food', 'North Indian', 'Sandwich', 'Salad']"
291,,4.4,179,"Residency Road, Bangalore","12noon – 4:30pm, 7pm – 10:30pm",600,,['South Indian']
292,,3.6,0,"Malleshwaram, Bangalore",,1000,,"['Bakery', 'Desserts']"
293,"Inexpensive, Prompt Service, Reasonable Price, Value for Money, Good Taste, Best Place",4.3,29.5,"Thippasandra, Bangalore",8am – 11pm,350,"Kanji, Pazham Pori, Kerala Meal, Pothichoru, Porotta, Egg Curry","['South Indian', 'Kerala', 'Chinese', 'Seafood', 'Chettinad']"
294,,4.3,62,"Shanti Nagar, Bangalore",,300,,"['Italian', 'Mexican', 'Pasta']"
295,"Food Tastes Great, Delicious, Best Quality, Good Packaging, Proper Packaging, Very Affordable",4.2,3,"Koramangala 7th Block, Bangalore",,350,"Truffle Fries, Classic Chicken Burger, Peri Fries, Wings","['Burger', 'Fast Food', 'Beverages', 'Desserts']"
297,"Excellent Food Quality, Food Tastes Great, Healthy and Delicious, Very Affordable, Fresh Food with Good Quality, Tamper Proof Packaging",3.9,352,"Koramangala 5th Block, Bangalore",,2000,,"['Biryani', 'BBQ', 'Kebab', 'North Indian', 'Desserts']"
298,"Cheap and Affordable, Awesome Spot to Hangout, Best in Service, Excellent Food Quality, Fair Prices, Sanitised Service",4.1,669,"Rajajinagar, Bangalore",10am – 9pm,2000,,"['Burger', 'Fast Food']"
299,,3.4,3,"BTM, Bangalore","10:30am – 5:58pm, 5:59pm – 12midnight",350,,"['Biryani', 'South Indian', 'North Indian', 'Beverages']"
300,"Relaxed Atmosphere, Family Place, Preparation, Reasonable Price, Courteous Staff, Nice Food",4.3,19,"BTM, Bangalore","11:30am – 4pm, 6:30pm – 10:30pm",650,"Fish Paturi, Aloo Poori, Basanti Pulao, Chicken Bharta, Authentic Bengali Food, Veg Thali","['Bengali', 'North Indian', 'Biryani', 'Rolls']"
301,"Serving Staff, Family Restaurant, Relaxed Atmosphere, Best Food under Best Budget, Decent Place, Food Taste",4.2,4,"Basavanagudi, Bangalore",12noon – 10:30pm,950,"Panneer Butter Masala, Masala Papad, Tomato Soup, Palak Paneer, Naan, Starters","['North Indian', 'Chinese', 'Desserts', 'Beverages']"
302,"Peaceful Ambience, Parking Space, More Variety, Live Music, Good Value, Theme",4.3,1,"Malleshwaram, Bangalore","12noon – 3pm, 7pm – 10pm",1000,"Sizzling Brownie, Buffet, Sizzlers, Crispy Corn, Dal Tadka, Paneer Tikka","['North Indian', 'Chinese', 'Biryani', 'Italian', 'Street Food', 'Salad', 'Desserts', 'Beverages']"
303,,3.5,239,"Vasanth Nagar, Bangalore",,2000,,"['Desserts', 'Shake', 'Ice Cream', 'Bakery', 'Beverages']"
304,"Cost Friendly, Budget Food, Good Value, Breakfast, Meals, Good Quantity",4.2,13.6,"Indiranagar, Bangalore",,2000,"Roasted Beef, Kerala Parotta, Idiyappam, Porotta, Stew, Fish Curry","['Kerala', 'Biryani', 'North Indian', 'South Indian', 'Seafood', 'Chinese', 'Sichuan']"
305,"Nice Taste, Breakfast, Good Taste, Quantity, Good Food",4.2,10.4,"RT Nagar, Bangalore",9am – 10pm,400,,"['South Indian', 'North Indian', 'Chinese', 'Fast Food', 'Street Food', 'Ice Cream', 'Beverages', 'Shake']"
306,"Contactless Delivery, Tamper Proof Packaging, Worth the Money, Extensive Menu, Timely Service, Great Portions",4,1,"Ulsoor, Bangalore",,300,"Rogan Gosht, Biryani Rice, Raita, Dal","['North Indian', 'BBQ', 'Biryani', 'Street Food', 'Kebab', 'Beverages', 'Desserts']"
307,"Good Bartenders, Kid Friendly, Vintage Decor, Good Pricing, Pocket Friendly Place, Live Sports Screening",4.1,2,"Koramangala 7th Block, Bangalore","12midnight – 12:15am, 11am – 12midnight",1000,"Roasted Beef, Egg Ghee Roast, Keema Dosa, Anjal Fry, Pork Ribs, Chicken Wings","['South Indian', 'Biryani', 'Sandwich', 'Desserts', 'Bakery', 'Beverages']"
308,"Staff Behavior, Relaxed Atmosphere, Good for Large Groups, Authentic Food, Great Host, Great Value",4.4,1,"Church Street, Bangalore","12noon – 3:30pm, 7pm – 11pm",2000,"Matal Chingri, Bhapa Sondesh, Aam Pora Sharbat, Kaju Kishmish Pulao, Jhinge Aloo Posto, Murgir Jhol","['Bengali', 'Finger Food', 'Seafood', 'Biryani', 'Mughlai']"
309,,4.5,116,"Commercial Street, Bangalore",,350,,"['Bakery', 'Desserts', 'Sandwich', 'Beverages', 'Shake', 'Cafe']"
310,,4,2,"Hosur Road, Bangalore",,1000,,"['Desserts', 'Bakery', 'Mithai']"
311,"Decor, Main Course, Hospitality, Great Food, Ambiance, Portion",4.1,4,"Residency Road, Bangalore","12noon – 3:30pm, 6pm – 10:30pm",950,"Fried Prawns, Spring Rolls, Noodle, Hakka Noodles, Pork, Soups","['Chinese', 'Asian', 'Thai', 'Sichuan']"
312,,4.5,249,"Cunningham Road, Bangalore",,2000,,"['Healthy Food', 'Salad', 'Mexican', 'Pasta', 'Pizza', 'Beverages', 'Asian', 'North Indian']"
313,"Healthy Food, Worth the Money, Extensive Menu, Portion Size, Great Portions, Value for Money",4.5,3,"BTM, Bangalore",,2000,,"['Healthy Food', 'Salad', 'Beverages']"
314,,4,298,"Jayanagar, Bangalore",,1000,,"['Biryani', 'South Indian']"
315,,4,10.6,"BTM, Bangalore",11am – 11pm,50,,"['Andhra', 'Biryani']"
316,"Served Quickly, Value for Money, Quantity, Experience, Taste",4.2,1,"Brigade Road, Bangalore",11:30am – 11:30pm,850,,"['Biryani', 'North Indian', 'Mughlai', 'Chinese', 'Seafood', 'Kebab']"
317,,3.9,132,"Basaveshwara Nagar, Bangalore",12:30pm – 10pm,400,,"['Pizza', 'Sandwich', 'Burger', 'Rolls', 'Fast Food', 'Shake', 'Desserts', 'Ice Cream']"
318,"Staff Service, Seating Options, Good Portion Size, Parking Space, Family Crowd, Elaborate Menu",4.2,3,"JP Nagar, Bangalore","12noon – 4pm, 7pm – 11pm",1000,"Chicken Starters, Mutton Biriyani, Chilly Chicken, Mocktails, Chicken Biryani","['Andhra', 'Biryani', 'North Indian', 'Chinese', 'Desserts']"
319,"Nice Food Quality, Relaxed Atmosphere, Comfortable Seating Area, Family Place, Authenticity, Good Options",4.2,3,"St. Marks Road, Bangalore",11am – 11:30pm,1000,"Meen Curry, Fry Prawns, Kerala Parotta, Appam, Sea Food, Seafood","['Seafood', 'Kerala', 'South Indian']"
320,,4.2,1,"Indiranagar, Bangalore",,2000,,"['Healthy Food', 'North Indian', 'Sandwich', 'Salad']"
321,"Fresh Food, Good Quality, Value for Money, Packaging, Quantity",4.4,4,"Basavanagudi, Bangalore",7am – 9:35pm,1000,,['South Indian']
322,"Fast Delivery, Customizable Food, Good Taste, Fresh Food, Worth the Money, Good Quality",4.2,10,"HBR Layout, Bangalore",12:30pm – 2am,400,,"['Rolls', 'Chinese', 'North Indian', 'Seafood', 'Biryani', 'Sichuan']"
323,"Cute Packaging, Food Presentation, Extensive Menu, Worth the Money, Great Portions, Timely Service",4.4,1,"Indiranagar, Bangalore",,350,,"['Bakery', 'Desserts']"
324,"Portion Size, Value for Money, Packaging, Service, Food",4.4,138,"Majestic, Bangalore",12noon – 11pm,700,,"['Biryani', 'Hyderabadi', 'South Indian']"
325,"Quick Delivery, Value for Money, Good Taste, Delicious Food",4.1,3,"BTM, Bangalore",,2000,,"['North Indian', 'Chinese', 'Biryani']"
326,"Delicious Taste, Mouth Watering Food, Wonderful Presentation, Worth the Money, Great Portions, Timely Service",3.8,2,"Old Airport Road, Bangalore",10am – 11pm,400,,"['Odia', 'North Indian', 'Chinese', 'Seafood', 'Sichuan']"
327,"Flavour, Ambiance, Menu, Taste",4.1,1,"Frazer Town, Bangalore",11am – 1am,300,,"['Ice Cream', 'Desserts', 'Shake', 'Beverages']"
328,,4.3,609,"Hosur Road, Bangalore",,2000,,"['Momos', 'Chinese']"
329,,4.4,578,"Malleshwaram, Bangalore",9am – 9pm,1000,,"['Mithai', 'Desserts']"
330,"Best Quality, Good Price, Good Packaging, Delicious Taste, Amazing Taste, Spill Proof Packaging",3.5,6,"BTM, Bangalore",,2000,"Chowmein, Sweet Corn Soup, Chicken Lollipop, Momos, Fried Rice","['Chinese', 'Seafood', 'Momos', 'Sichuan']"
331,,3.8,5,"Old Airport Road, Bangalore",7am – 10pm,300,,"['South Indian', 'North Indian', 'Chinese', 'Street Food', 'Shake', 'Sichuan']"
332,,4,2,"Richmond Road, Bangalore",,1000,,"['Rolls', 'Chinese', 'North Indian', 'Biryani']"
333,,4.3,198,"Vijay Nagar, Bangalore",2:15pm – 10pm,1000,,"['Fast Food', 'Ice Cream', 'Desserts', 'Beverages']"
334,"Economical, Low Price, Authentic Taste, Prompt Service, Reasonable Price, Awesome Food",4.2,11.8,"BTM, Bangalore","12noon – 4pm, 6pm – 11pm",1000,"Liti Chokha, Authentic Bihari Food, Nimbu Pani, Chutneys, Dal, Parathas","['North Indian', 'Bihari', 'Street Food', 'Chinese', 'Desserts', 'Beverages']"
336,,3.7,216,"Vasanth Nagar, Bangalore",,300,,"['Bakery', 'Desserts', 'Ice Cream', 'Shake']"
337,,3.9,3,"Koramangala 7th Block, Bangalore",,2000,,"['North Indian', 'Biryani']"
338,"Good Delivery, Nice Taste, Good Taste, Quantity, Fresh Food, Good Food",3.2,16.7,"BTM, Bangalore",8am – 12midnight,350,,"['Biryani', 'Fast Food', 'South Indian']"
339,"Value for Price, Customizations Available, Chirpy Crowd, Bang for the Buck, Good Portions, Cozy Ambiance",3.5,10.5,"Ulsoor, Bangalore",9am – 1am,300,,"['Biryani', 'Kerala', 'North Indian', 'Chinese']"
340,,3.4,480,"Vasanth Nagar, Bangalore",,2000,,"['Rolls', 'Wraps', 'Fast Food', 'Desserts', 'Shake', 'Beverages']"
341,"Spill Proof Packaging, Contactless Delivery, Quality, Taste, Value for Money",4.2,807,"Cunningham Road, Bangalore",,350,,['North Indian']
342,"Quality, Portion Size, Value for Money, Taste",4.4,207,"Ulsoor, Bangalore",10:30am – 9:30pm,2000,,"['Mithai', 'Street Food']"
343,,3.8,12.4,"Banashankari, Bangalore","12noon – 4:30pm, 7pm – 10pm",2000,,['Biryani']
344,"Worth the Money, Delicious Food, Great Portions, Value for Money, Quality",4,1,"Indiranagar, Bangalore",,2000,,"['Healthy Food', 'North Indian', 'Sandwich', 'Salad']"
345,"Economical, Comfort Food, Tasty Food, Price",4,15.1,"Rajajinagar, Bangalore","11:30am – 4:30pm, 6pm – 10:30pm",300,,"['North Indian', 'Biryani', 'BBQ']"
346,,4.1,170,"Richmond Road, Bangalore",,1000,,"['Ice Cream', 'Desserts']"
347,"Perfect Service, Good Server, Great Host, Good Wifi, Weekend Brunch, Customizable Food",4.4,1,"Forum Rex Walk, Bangalore","12midnight – 3am, 10am – 12midnight",1000,"Peri Peri Sauce, Churros, Peri Peri Chicken, Cheesecake, Wings, Burger","['Burger', 'Healthy Food', 'Portuguese']"
348,,4.1,337,"Brigade Road, Bangalore","12midnight – 2am, 7am – 12midnight",1000,,['Kerala']
349,"Bigger Space, Romantic Seating, Live Kitchen, Fresh Ingredients, Cosy Place, Comfortable Seating",4,1,"Church Street, Bangalore",11am – 11:30pm,1000,"Streaking Pigs Pizza, Big Bang Shake, Cookie Monster Shake, Shrooms Pizza, Nutty Professor, Chocolate Raspberry","['Pizza', 'Italian', 'Fast Food', 'Desserts', 'Shake', 'Beverages']"
350,,4.3,333,"Vijay Nagar, Bangalore",7:30am – 11:45pm,500,,"['Mughlai', 'Chinese', 'North Indian']"
351,"Totally Worth it, Pretty Decor, Pocket Friendly, Packed on Weekends, Cozy Place, Fast Service",4.3,12.8,"Building 105, Koramangala 5th Block, Bangalore","12midnight – 4am, 10am – 12midnight",400,"Ferrero Rocher Waffle, Caramel Chocolate, Melted Chocolate, Nutella Waffles, Red Velvet Waffle, Shakes","['Waffle', 'Desserts', 'Shake', 'Beverages']"
352,"Student Crowd, Value for Money, Fresh Food, Good Quality, Service",4.1,4,"BTM, Bangalore",8:30am – 10:30pm,300,,"['Kerala', 'South Indian', 'Seafood', 'Chinese']"
353,,4.2,518,"Shanti Nagar, Bangalore",7am – 10:30pm,650,,"['South Indian', 'North Indian', 'Chinese', 'Biryani', 'Street Food', 'Ice Cream', 'Juices', 'Beverages']"
354,"Clean and Hygienic Place, Hygiene, Family Crowd, Customer Service, Manager, Food Presentation",4.1,3,"Frazer Town, Bangalore","12midnight – 1:30am, 1pm – 12midnight",1000,,"['North Indian', 'Mandi', 'Mughlai', 'Kebab', 'Desserts']"
355,"Lip Smacking Food, Reasonable Prices, Packing, Good Taste, Value for Money",4.4,5,"Banashankari, Bangalore",7am – 10pm,1000,,['South Indian']
356,"Gastronomical Experience, Authenticity, Good Value, Preparation, View, Hygiene",4.2,4,"Indiranagar, Bangalore",7:30am – 11pm,1000,"Pandhra Rassa, Sol Kadhi, Batata Vada, Missal Pav, Puran Poli, Misal","['North Indian', 'Maharashtrian', 'Malwani', 'Street Food', 'Mughlai', 'Seafood', 'Desserts', 'Beverages']"
357,"Perfect Place, Location, Best Place, Good Place, Table, Staff",4.2,1,"St. Marks Road, Bangalore",10am – 10pm,300,"Rossogolla, Sandesh, Aloo Puri, Bengali Sweets, Rasgullas, Kachori","['Mithai', 'Street Food', 'Mishti', 'Bengali']"
358,,3.7,233,"Nexus, Koramangala, Bangalore",,2000,,"['Fast Food', 'Momos', 'Beverages']"
359,"Relaxed Atmosphere, Breakfast, Tasty, Good Place, Value for Money, Ambiance",4.3,3,"Cunningham Road, Bangalore",8am – 9:30pm,850,"Filtered Coffee, Vada, Dosa, Thali","['South Indian', 'North Indian', 'Chinese', 'Fast Food', 'Biryani', 'Desserts', 'Juices', 'Beverages']"
360,,3.9,10.8,"Rajajinagar, Bangalore",7am – 10pm,450,,"['South Indian', 'North Indian', 'Chinese', 'Biryani', 'Ice Cream', 'Beverages', 'Shake']"
361,"Comfortable Seating Area, Family Place, Packed on Weekends, Good Value, Authentic Taste, Best Places",4.1,14.1,"Rajajinagar, Bangalore",12:30pm – 11:30pm,400,"Spicy Vada Pav, Fafda Jalebi, Tawa Pulav, Pav Bhajji, Dabeli, Mango Milkshake","['North Indian', 'Chinese', 'Street Food', 'Fast Food', 'South Indian', 'Juices', 'Beverages']"
362,"Great Ambience and Tasty Food, Food and Service, Valet Service, Service is Great and Fast, Comfortable Seating, Professional Staff",4.3,2,"Cunningham Road, Bangalore",11:30am – 11pm,1000,"Pesto Bruschetta, Calzone Pockets, Rocket Pizza, Litchi Shake, Garlic Bread with Cheese, Sauteed Mushrooms","['Pasta', 'Pizza', 'Italian', 'Salad', 'Desserts', 'Beverages']"
363,"Good Price, Tamper Proof Packaging, Best Food, Delicious Taste, Great Taste, Tasty",3.7,4,"BTM, Bangalore",,2000,"Chicken Manchow Soup, Dragon Chicken, Momo, Chilli Chicken, Soup, Fried Rice","['Chinese', 'Desserts', 'Seafood', 'Burger', 'Sichuan']"
364,,3.8,86,"Brigade Road, Bangalore",10am – 9:45pm,750,,"['Cafe', 'Coffee', 'Tea', 'Shake', 'Beverages', 'Sandwich', 'Fast Food', 'Desserts']"
365,"Prompt Service, Spicy, Good Taste, Prices, Menu, Quantity",4.1,1,"RT Nagar, Bangalore","12noon – 4pm, 7pm – 9:30pm",350,,"['Biryani', 'South Indian']"
366,,4,721,"Frazer Town, Bangalore",24 Hours,400,,"['Hyderabadi', 'Biryani']"
367,"Great Recommendations, Mouth Watering Food, Good Taste, Worth the Money, Price, Good Food",4,17,"RT Nagar, Bangalore",12noon – 10:30pm,1000,,"['North Indian', 'Chinese', 'Sichuan']"
368,"Chic Decor, Yummy Desserts, Cute Ambience, Art, Pretty Place, Beautiful Interiors",4.3,1,"Residency Road, Bangalore","12midnight – 1am, 11am – 12midnight",300,"Oreo Cookie Mousse, Nutella Oreo, Passion Fruit Sorbet, Deep Fried Oreo, Peanut Butter Ice Cream, Mississippi Mudpie","['Ice Cream', 'Desserts', 'Waffle', 'Beverages']"
369,"Good Place, Good Food, Value for Money, Quality",3.8,1,"Basaveshwara Nagar, Bangalore","12:30pm – 4pm, 6:45pm – 11pm",350,,"['South Indian', 'Biryani']"
370,"Customizable Food, Fresh Food, Worth the Money, Good Quality, Good Food, Experience",3.8,3,"RT Nagar, Bangalore",11am – 12midnight,2000,,"['Shawarma', 'Arabian', 'Rolls']"
371,,4.1,956,"BTM, Bangalore",12:30pm – 11:55pm,700,,"['North Indian', 'Chinese', 'Biryani']"
372,,3.9,1,"Old Airport Road, Bangalore",9am – 12midnight,500,,"['North Indian', 'South Indian', 'Chinese', 'Mughlai']"
373,"Fair Prices, Weekend Brunch, Good Wifi, Proper Packaging, Customizable Food, Fresh Food",3.9,3,"BTM, Bangalore",,2000,,"['Biryani', 'North Indian', 'Chinese', 'Seafood', 'Street Food']"
374,"Tandoori, Parking, Nice Taste, Best Places, Tasty, Good Taste",4,13.2,"Frazer Town, Bangalore",12noon – 1:30am,400,"Seekh Roll, Chicken Shawarama, Kababs, Beef, Noodles, Chicken Biryani","['Mughlai', 'Chinese', 'North Indian', 'Rolls', 'Sichuan']"
375,,3.6,63,"Garuda Mall, Magrath Road, Bangalore",10am – 10:30pm,1000,,"['Street Food', 'Fast Food', 'Tea', 'North Indian']"
376,"Good Taste, Quality, Good Food, Staff, Value for Money",4.1,1,"BTM, Bangalore",12noon – 11pm,700,,"['North Indian', 'Biryani', 'Chinese']"
377,"Portion Size, Value for Money, Worth the Money, Delicious Food, Quantity, Taste",4,2,"Thippasandra, Bangalore",,2000,,['Burger']
378,"Great Recommendations, Polite Staff, Tasty, Chef, Nice Food, Crowd",3.8,9,"Malleshwaram, Bangalore",7:45am – 10:25pm,500,"Masala Poori, Benne Dosa, Paneer Roll, Noodle, Masala Dosa, Chutney","['South Indian', 'North Indian', 'Chinese']"
379,,3.2,55,"Brigade Road, Bangalore",,1000,,['North Indian']
380,,4.4,484,"Koramangala 7th Block, Bangalore",,2000,,"['Momos', 'Chinese', 'Asian', 'Japanese', 'Street Food', 'Tibetan', 'Finger Food', 'Beverages']"
381,"Casual Seating Area, Low Price, Great Recommendations, Prices, Quantity, Value for Money",4,2,"Shivajinagar, Bangalore",9am – 1am,500,"Mutton Haleem, Mutton Sheek Kabab, Chicken Kabab, Kababs, Mutton Biryani, Briyani","['North Indian', 'Mughlai', 'Chinese', 'South Indian', 'Afghan']"
382,"Main Course, Good Place, Ambiance, Good Food, Service, Value for Money",4,1,"Majestic, Bangalore",8:15am – 10:30pm,450,,"['South Indian', 'North Indian', 'Chinese']"
383,,4.3,55,"Commercial Street, Bangalore",11:30am – 10:15pm,400,,"['North Indian', 'Street Food', 'Mithai', 'Chinese']"
384,"Cute Packaging, Food Presentation, Great Portions, Worth the Money, Delicious Food",3.9,812,"Koramangala 7th Block, Bangalore",,2000,,"['Healthy Food', 'Salad', 'Juices']"
385,,3.9,112,"Richmond Road, Bangalore",,2000,,"['Healthy Food', 'Steak', 'Sandwich', 'Continental', 'Beverages', 'Cafe']"
386,"Weekend Brunch, Elaborate Menu, Fresh Food, Prices, Good Quality, Value for Money",4.2,649,"RT Nagar, Bangalore","12noon – 4pm, 7pm – 11pm",450,,"['Biryani', 'Kebab', 'Chinese', 'North Indian', 'Beverages']"
387,,3.7,1,"Indiranagar, Bangalore",12:15pm – 11:45pm,300,,"['Shawarma', 'Fast Food', 'Beverages', 'Lebanese']"
388,,3.9,99,"Brigade Road, Bangalore",,2000,,"['Ice Cream', 'Beverages', 'Shake']"
389,"Comfortable Seating Area, Good Taste, Nice Food, Good Service, Good Food",3.6,24.5,"JP Nagar, Bangalore",7am – 10:30pm,850,"Cream of Tomato Soup, Mushroom Masala, Kesari Bath, Idli","['South Indian', 'North Indian', 'Chinese', 'Biryani', 'Beverages']"
390,"Good Taste, Crowd, Worth the Money, Portion Size, Menu",4.2,10.4,"Basaveshwara Nagar, Bangalore",7:30am – 10pm,2000,,['South Indian']
391,,3.6,171,"Koramangala 5th Block, Bangalore",12noon – 12:30am,800,,"['Kerala', 'Seafood', 'South Indian', 'North Indian', 'Chinese']"
392,"Hygiene, Presentation, Customizable Food, Elaborate Menu, Fresh Food, Good Quality",4.3,1,"Frazer Town, Bangalore",12:30pm – 11:30pm,400,,['Desserts']
393,"Fresh Food with Good Quality, Affordable Prices, Value for Money, Timely Service, Price",4.1,3,"Domlur, Bangalore",,2000,,"['North Indian', 'Kebab', 'Biryani', 'Desserts']"
394,"Themed Decor, Comfortable Seating Area, Pure Veg, Excellent Hospitality, Servings, Family Place",4.3,1,"Sadashiv Nagar, Bangalore","12noon – 3:30pm, 7pm – 11pm",1000,"Chocolate Fountain, Matar Pulao, Puliogare, Tomato Shorba, Veg Buffet, Pani Puri","['Chinese', 'Continental']"
395,,3.8,1,"Koramangala 7th Block, Bangalore",10am – 10pm,1000,,"['Bakery', 'Desserts']"
396,"Good Value, Seating, Table, Location, Tasty Food, Great Food",4.1,4,"BTM, Bangalore",8:15am – 12midnight,1000,"Pulpy Grape Juice, Chicken Shawarma, Sea Food, Biryani, Rice","['North Indian', 'Arabian', 'Chinese', 'Mughlai', 'Biryani', 'Desserts', 'Beverages']"
397,,4.2,7,"Malleshwaram, Bangalore",11am – 10:30pm,400,"Anjal Tava Fry, Fish Rava Fry, Kori Roti, Chicken Sukka, Neer Dosa, Fish Curry","['Seafood', 'Mangalorean']"
398,,4.3,1,"Jeevan Bhima Nagar, Bangalore",7:30am – 10pm,2000,,"['South Indian', 'Beverages']"
399,"Family Place, Great Value, Tandoori, Excellent Taste, Owner, Atmosphere",3.9,6,"Frazer Town, Bangalore",12noon – 12midnight,1000,"Bheja Masala, Chicken Boneless Kebab, Nalli Nihari, Bheja Fry, Mutton Seekh, Seekh Kabab","['Biryani', 'North Indian', 'Kebab', 'Mughlai', 'Seafood']"
400,"Comfortable Seating Area, Family Place, Breakfast, Good Quality Food, Decent Place, Quick Service",4.3,13.7,"Basavanagudi, Bangalore",8am – 10:30pm,950,"Kharabath, Masala Dosa, Filter Coffee, Sambhar, Idli, Vada","['South Indian', 'North Indian', 'Street Food', 'Chinese', 'Beverages']"
401,"Ambience and Service, Classy Place, Excellent Food and Service, Classy Ambience, Breakfast Menu, Beautiful Decor",4.4,2,"Lavelle Road, Bangalore",9am – 11:30pm,2000,"Mushroom Crostini, Eggs Benedict, Gnocchi, Risotto, Salmon, Ravioli","['Continental', 'Italian', 'BBQ', 'Fast Food', 'Ice Cream', 'Desserts', 'Coffee', 'Beverages']"
402,,4.1,3,"Langford Town, Bangalore",9:30am – 9:30pm,2000,,"['Rolls', 'Burger', 'Sandwich']"
403,"Fusion Dishes, Variety of Veg Options, Ample Seating Area, Quality of Food, Relaxed Atmosphere, Food Delivery",3.3,2,"BTM, Bangalore",12noon – 11:30pm,950,"Chicken Garlic Tikka, Shawarma Wrap, Paneer Chilli, Noodle, Kababs, Sides","['Chinese', 'North Indian', 'Mughlai', 'Arabian', 'Kebab', 'Seafood', 'Biryani', 'Ice Cream']"
404,,3.8,1,"Rajajinagar, Bangalore",,1000,,"['Bakery', 'Desserts']"
405,"Tasty, Value for Money, Portion, Good Food, Staff, Service",4.2,5,"BTM, Bangalore",,1000,"Litti Chokha, Parathas, Gulab Jamun, Lassi",['North Indian']
406,,4.3,287,"Church Street, Bangalore",,400,,"['Italian', 'Pizza', 'Pasta', 'Continental', 'Desserts', 'Healthy Food', 'Beverages', 'Steak']"
407,"Fast Delivery Service, Great Vibes, Decent Prices, Perfect Service, Outstanding Service, Amazing Restaurant",4.1,43.9,"BTM, Bangalore",7:30am – 11pm,400,"Veg Cheese Maggi, Chole Poori, Poori Sabji, Aloo Onion Paratha, Mix Paratha, Tawa Paratha","['North Indian', 'Fast Food']"
408,,4.3,597,"Koramangala 6th Block, Bangalore",,1000,,"['North Indian', 'Chinese']"
409,"Cutlery, Worth the Money, Timely Service, Great Portions, Value for Money",4.3,2,"Indiranagar, Bangalore",8am – 8:30pm,700,,"['Cafe', 'Continental', 'Burger', 'Sandwich', 'Shake', 'Beverages', 'Desserts']"
410,,4,2,"BTM, Bangalore",7am – 10pm,450,,"['South Indian', 'North Indian', 'Chinese', 'Fast Food', 'Street Food']"
411,,3.8,3,"BTM, Bangalore",11am – 10:30pm,1000,,"['North Indian', 'Beverages', 'Rajasthani', 'Shake']"
412,,3.5,310,"Vasanth Nagar, Bangalore",24 Hours,1000,,"['Momos', 'Burger', 'Wraps', 'Fast Food', 'Desserts']"
413,,4,447,"Koramangala 7th Block, Bangalore",,2000,,"['Burger', 'Fast Food', 'Beverages', 'Bubble Tea', 'Shake']"
414,,3.9,443,"Malleshwaram, Bangalore",,1000,,['Biryani']
415,"Packing, Portion Size, Value for Money, Food",4.4,2,"Commercial Street, Bangalore",8:30am – 9:30pm,1000,,"['Mithai', 'Street Food']"
416,"Good Food and Good Ambience, Japanese Cuisine, Comfortable Seating Area, Beautiful View, Super Service, Good for Large Groups",4.1,2,"Orion Mall, Malleshwaram, Bangalore",11am – 11pm,2000,"Sushi Stack, Spiced Tofu, Chicken Gyoza, Tempura Prawns, Sushi Platter, Miso Soup","['Asian', 'Sushi', 'Japanese', 'Chinese', 'Desserts', 'Beverages']"
417,"Great Veg Options, Mouth Watering Food, Student Crowd, Good Quantity, Family Crowd, Customizable Food",2.9,11.7,"BTM, Bangalore","12midnight – 12noon, 12:15pm – 11:45pm",300,,"['North Indian', 'Chinese', 'Street Food', 'Rajasthani']"
418,,4.3,1,"Koramangala 5th Block, Bangalore",,1000,,"['North Indian', 'Chinese', 'Street Food']"
419,,4.2,711,"Domlur, Bangalore",7am – 10pm,300,,"['South Indian', 'North Indian', 'Street Food', 'Chinese', 'Beverages', 'Ice Cream', 'Shake']"
420,"Good Taste, Great Portions, Experience, Price, Good Food",3.8,4,"BTM, Bangalore",9am – 4am,350,,"['Arabian', 'Biryani', 'Chinese', 'South Indian', 'Kerala', 'Shake', 'Juices', 'Beverages']"
421,,4.1,909,"Frazer Town, Bangalore",7am – 10pm,300,,"['South Indian', 'North Indian', 'Chinese', 'Fast Food', 'Desserts', 'Beverages']"
422,,4.2,1,"City Market, Bangalore",7am – 10:15pm,300,,"['South Indian', 'Street Food', 'Chinese', 'North Indian', 'Biryani', 'Fast Food', 'Desserts', 'Beverages']"
423,,4.1,2,"Rajajinagar, Bangalore","12midnight – 12:30am, 11:30am – 3:30pm, 6:30pm – 12midnight",1000,,"['Biryani', 'North Indian', 'Chinese']"
424,,3.7,21.9,"Vijay Nagar, Bangalore",7:30am – 11:30pm,400,,"['South Indian', 'Biryani', 'North Indian']"
425,,4.2,2,"Vijay Nagar, Bangalore","7am – 4pm, 6:30pm – 10pm",350,,"['South Indian', 'Biryani']"
426,"Price Vs Value, Colorful Ambience, Service is Great and Fast, Good Food and Good Service, Cordial Staff, Awesome Staff",3.9,2,"Indiranagar, Bangalore","12noon – 4pm, 7pm – 11pm",1000,"Fruit Rabri, Palak Roti, Sweet Kachori, Gujarati Kadhi, Rajasthani Thaali, Gatta Masala","['North Indian', 'Rajasthani']"
427,"Street Food, Prompt Service, Polite Staff, Preparation, Perfect Presentation, Proper Packaging",3.6,3,"Jeevan Bhima Nagar, Bangalore",9am – 10pm,2000,"Paneer Pav Bhaji, Samosa Pav, Kullad Chai, Jalebi, Chaat, Lassi","['North Indian', 'Street Food', 'Desserts', 'Beverages']"
428,"Comfortable Seating Area, Family Crowd, Portions, Price, Menu, Value for Money",4.2,289,"Malleshwaram, Bangalore",12noon – 11:45pm,600,,"['North Indian', 'Mughlai', 'Chinese']"
429,"Quantity and Quality of Food, Chinese, Themed Decor, Relaxed Atmosphere, Decent Price, Serving Size",4.2,4,"Koramangala 6th Block, Bangalore","12noon – 3:15pm, 6:30pm – 10:45pm",1000,"Drunken Fish, Red Dragon Chicken, Clay Pot Rice, Crab Meat Soup, Drum Sticks, Chilli Potatoes","['Chinese', 'North Indian', 'Seafood', 'Fast Food', 'Sichuan', 'Desserts', 'Beverages']"
430,"Good Value, Great Value, Good Quality Food, Decent Place, Decor, Reasonable Price",4.1,17.2,"Rajajinagar, Bangalore","11:30am – 3:30pm, 6:30pm – 12:30am",1000,"Honey Chilli Potatoes, Chilli Chicken, Tandoori Chicken, Butter Chicken, Naan, Rolls","['North Indian', 'Mughlai', 'Oriental', 'Chinese', 'Rolls', 'Beverages']"
431,,3.8,2,"Indiranagar, Bangalore",,1000,,"['North Indian', 'Chinese', 'Desserts']"
432,,3.9,84,"Brigade Road, Bangalore",,2000,,"['South Indian', 'North Indian', 'Beverages']"
433,,4.2,2,"Indiranagar, Bangalore",8am – 12midnight,400,,"['Salad', 'Healthy Food']"
434,"Concept, Spicy, Tasty Food, Great Place, Great Food, Good Place",4.1,2,"Indiranagar, Bangalore",12:30pm – 10:30pm,600,,"['Kerala', 'Seafood', 'North Indian']"
435,"Portion Size, Good Food, Value for Money, Staff, Price, Quantity",4.2,855,"Majestic, Bangalore","12noon – 4pm, 6:30pm – 10:30pm",400,"Pepper Rasam, Chicken Fry, Chicken 65, Mutton Biryani, Chicken Biryani","['Biryani', 'South Indian', 'North Indian', 'Street Food']"
436,,3.9,372,"Basaveshwara Nagar, Bangalore",10am – 10:30pm,1000,,['South Indian']
437,"Very Nice Food, Very Good Food, Good Wifi, Nice Service, Excellent Food, Elaborate Menu",4.1,559,"Forum Rex Walk, Bangalore",11:30am – 11pm,2000,,"['North Indian', 'Kebab', 'Biryani', 'Desserts', 'Beverages']"
438,"Fresh Food, Good Quality, Value for Money, Ambience, Service",4.3,2,"Rajajinagar, Bangalore","11:30am – 4:30pm, 6:30pm – 11pm",550,,"['South Indian', 'Biryani']"
439,,4.2,477,"Lavelle Road, Bangalore",,300,,"['Burger', 'Fast Food', 'American', 'Finger Food', 'Desserts', 'Beverages', 'Continental']"
440,"Price, Value for Money, Taste, Packaging",4.1,559,"Jayanagar, Bangalore",9am – 9pm,50,,['Mithai']
441,"Best Place, Good Place, Staff, Packaging, Service, Food Quality",4.5,725,"Koramangala 5th Block, Bangalore",12noon – 9pm,400,,"['Ice Cream', 'Desserts']"
442,"Design, Cozy Place, Food Presentation, Worth the Money, Great Place, Value for Money",4.4,2,"Malleshwaram, Bangalore",10:30am – 9:30pm,400,,"['Bakery', 'Desserts']"
443,"Fancy Place, Affordable, Chinese, Decent Ambience, Good Price, Appetizers",4.3,2,"Residency Road, Bangalore",12noon – 10:30pm,850,"Hot Pepper Chicken, Sesame Chicken, Mixed Noodles, Chicken Lollypop, Chilli Garlic Noodles, Butter Garlic Prawns","['Chinese', 'Asian', 'Seafood', 'Sichuan']"
444,,4,547,"Banashankari, Bangalore",7am – 11pm,1000,,"['South Indian', 'Beverages']"
445,,4.3,1,"Domlur, Bangalore",,2000,,['North Indian']
446,,3.9,520,"BTM, Bangalore",,2000,,"['Bengali', 'Rolls']"
447,,4.2,46,"Richmond Town, Bangalore",,300,,"['Chinese', 'Oriental', 'Asian']"
448,"Paper Bags, Delivery Services, Excellent Packaging, Super Fast Delivery, Good for Large Groups, Loved it",4.2,10.9,"Frazer Town, Bangalore",12noon – 12midnight,900,"Muslim Biryani, Pahadi Chicken, Chicken Sholay, Kheer, Dal Fry, Basmati Rice","['Biryani', 'North Indian', 'Mughlai', 'Chinese', 'Kebab', 'Arabian']"
449,,4.2,422,"Indiranagar, Bangalore","11am – 4pm, 6pm – 11pm",500,,"['Biryani', 'North Indian', 'Chinese', 'Street Food', 'Seafood']"
450,,3.4,351,"BTM, Bangalore","12midnight – 6am, 11:30am – 3:30pm, 6:30pm – 12midnight",1000,,"['Biryani', 'Chinese', 'Beverages', 'Desserts']"
451,"Bank for the Buck, Totally Worth it, Cozy Ambience, Authenticity, Favorite Place, Cozy Place",4.4,3,"Indiranagar, Bangalore",8:30am – 11:45pm,400,"Baileys Ice Cream, Extra Dark Chocolate, Vanilla Gelato, Gelato Ice Creams, Strawberry Sundae, Mango Sorbet","['Ice Cream', 'Desserts', 'Beverages']"
452,"Economical, Bang for the Buck, Quick Service, Friendly Staff, Tasty Food, Best Place",4.3,8,"Banashankari, Bangalore","12noon – 3:30pm, 7pm – 10:30pm",2000,"Jeera Aloo, Bhindi Fry, Bhindi Masala, Authentic Punjabi Food, Panneer Butter Masala, Masala Papad",['North Indian']
453,,4,595,"Koramangala 7th Block, Bangalore",11:30am – 2am,1000,,"['North Indian', 'Biryani', 'Mughlai', 'Seafood', 'Chinese', 'Hyderabadi']"
454,"Portion Size, Food Quality, Packaging, Value for Money, Ambience, Service",4.5,1,"JP Nagar, Bangalore",6:30am – 11:30pm,2000,,['South Indian']
455,,3.6,4,"JP Nagar, Bangalore",10am – 9:30pm,450,,"['Tea', 'Sandwich', 'Fast Food', 'Street Food', 'Shake', 'Beverages']"
456,"Simple Decor, View, Breakfast, Manager, Seating, Perfect Place",3.9,1,"MG Road, Bangalore",9:30am – 10:30pm,1000,"Pav Bhaji, Papad, Chutney, Starters, Biryani","['North Indian', 'Chinese', 'Sandwich', 'Beverages', 'Desserts', 'South Indian', 'Street Food', 'Mexican']"
457,"Price, Value for Money, Quantity, Food",4.2,1,"Brigade Road, Bangalore",12noon – 11pm,600,,"['Chinese', 'Tibetan', 'Sichuan', 'Momos']"
458,"Polite Staff, Owner, Tasty Food, Prices, Quantity, Good Food",3.9,3,"Jeevan Bhima Nagar, Bangalore","12midnight – 2am, 9am – 12midnight",400,,"['South Indian', 'Kerala', 'Biryani', 'Street Food', 'Beverages']"
459,,3.9,7,"Malleshwaram, Bangalore",8am – 12midnight,300,"Idli, Masala Dosa, French Fries, Chutney","['South Indian', 'Street Food']"
460,"Price Vs Portion Size, Themed Decor, Affordable, Good for Large Groups, Authentic Food, Authenticity",4.2,4,"Koramangala 6th Block, Bangalore","12noon – 4:30pm, 7pm – 9pm",850,"Jumbo Ilish, Mutton Dakbanglo, Chicken Dakbanglo, Sorshe Ilish, Dab Chingri, Sweet Pulao","['Bengali', 'North Indian', 'Seafood', 'Mishti']"
461,,4,52,"Vasanth Nagar, Bangalore",,2000,,"['Healthy Food', 'Pizza', 'North Indian', 'Burger', 'Biryani', 'Chinese', 'Desserts', 'Beverages']"
462,,3.9,573,"Basaveshwara Nagar, Bangalore",12noon – 11pm,300,,"['Biryani', 'Kebab', 'Tamil']"
463,,4.2,1,"BTM, Bangalore",,2000,,['North Indian']
464,"Punjabi Ambience, Dhaba Feel, Affordable, Attentive Staff, Rooftop, Seating Arrangement",4,12.9,"Koramangala 7th Block, Bangalore",9am – 11pm,950,"Makke Di Roti, Sarso Da Saag, Rajma Masala, Authentic Punjabi Food, Chicken Pakoda, Daal Makhni","['North Indian', 'Kebab', 'Street Food', 'Desserts', 'Beverages']"
465,"Timely Service, Fresh Food, Good Quality, Quantity, Experience",3.9,3,"Rajajinagar, Bangalore",11am – 11pm,400,,"['Biryani', 'South Indian']"
466,,3.7,1,"Shivajinagar, Bangalore",,1000,,"['North Indian', 'Chinese', 'Mughlai']"
467,"Pocket Friendly, Clean and Hygienic Place, Served Quickly, Wonderful Presentation, Perfect Presentation, Fresh Food",3.7,1,"Majestic, Bangalore","9am – 4pm, 7pm – 11pm",350,,"['North Indian', 'Beverages', 'Chinese']"
468,,3.9,1,"RT Nagar, Bangalore",11:45am – 11pm,300,,"['North Indian', 'Mughlai', 'Chinese', 'Sichuan']"
469,"Main Course, Good Place, Spicy, Ambience, Staff, Quantity",4.1,843,"Cunningham Road, Bangalore","12noon – 3:30pm, 7pm – 11pm",1000,,"['Chinese', 'Malaysian', 'Seafood']"
470,"Excellent Location, Fantastic Decoration, Best Staff, Clean and Hygienic Place, Served Quickly, Ambience was Super Cool",4.2,2,"1 Sobha, Bangalore","12midnight – 1am, 11am – 12midnight",1000,"Morning Glory, Skillet Cookie, Dynamite Shrimps, Chicken Strips, Hot Chocolate, Cheese Cake","['Burger', 'American', 'Continental', 'Fast Food', 'Desserts', 'Coffee', 'Cafe', 'Beverages']"
471,"Great Food Great Service, Sheesha, Variety of Pizza, Serving Size, Good Wifi, Weekend Brunch",3.3,89,"Infantry Road, Bangalore",11am – 1am,950,,"['Cafe', 'Beverages', 'Continental', 'Italian', 'Chinese', 'Fast Food', 'Asian', 'Desserts']"
472,"Reasonable Prices, Packing, Value for Money, Taste",4.3,55,"Indiranagar, Bangalore",,300,,"['Bakery', 'Desserts', 'Ice Cream', 'Mithai', 'Beverages', 'Pizza']"
473,"Best Decor, Best Staff, Fantastic Decoration, Sanitised Service, Excellent Location, Comforting Atmosphere",4.1,868,"Rajajinagar, Bangalore",11:30am – 11pm,950,,"['Andhra', 'Mughlai', 'Chinese', 'Kebab', 'North Indian', 'Beverages', 'Desserts']"
474,"Portion Size, Value for Money, Food Quality, Packaging",4.6,335,"Rajajinagar, Bangalore",,1000,,"['Ice Cream', 'Desserts']"
475,,3.9,2,"Richmond Road, Bangalore","12midnight – 5am, 11:30am – 12midnight",300,,"['Chinese', 'Fast Food', 'Rolls', 'BBQ', 'North Indian']"
476,,3.6,261,"Vasanth Nagar, Bangalore",,1000,,"['Burger', 'American', 'Fast Food', 'Desserts', 'Shake', 'Beverages']"
477,"Fantastic Decoration, Clean and Hygienic Place, Served Quickly, Nice Concept, Delicious Taste, Best Food under Best Budget",3.9,1,"Shanti Nagar, Bangalore",24 Hours,400,,"['Rajasthani', 'North Indian']"
478,,4.2,84,"Thippasandra, Bangalore",,2000,,"['North Indian', 'South Indian', 'Asian']"
479,"Comfortable Seating Area, Good for Large Groups, Best Places, Quick Service, Courteous Staff, Good Quantity",4.3,1,"Church Street, Bangalore",11:30am – 10:30pm,950,"Chicken Bheemas, Gongura Pickle, Murgh Ghee Roast, Chicken Roast, Chicken 65, Veg Biriyani","['Andhra', 'Biryani', 'South Indian']"
480,"Jazz Music, Service and Quality of Food, Professional Staff, Gastronomical Experience, Great Recommendations, Excellent Hospitality",4.3,966,"Church Street, Bangalore","12noon – 3:30pm, 7pm – 11pm",2000,"Kaffir Lime Mojito, Baby Corn Mushroom, Hunan Tofu, Strawberry Margarita, Prawn Sushi, Mango Pudding","['Chinese', 'Sushi', 'Seafood', 'Asian', 'Japanese', 'Beverages']"
481,,4.1,237,"BTM, Bangalore",7am – 10:30pm,300,,"['South Indian', 'North Indian', 'Chinese', 'Biryani']"
482,,4,150,"Seshadripuram, Bangalore",,2000,,['Ice Cream']
483,,3.7,833,"BTM, Bangalore",11:30am – 11pm,350,,"['Lebanese', 'Fast Food', 'North Indian', 'Biryani', 'Sichuan']"
484,,4.2,598,"Vijay Nagar, Bangalore",7am – 10:45pm,350,,"['South Indian', 'North Indian', 'Chinese', 'Fast Food', 'Street Food', 'Desserts', 'Shake', 'Juices']"
485,,4.1,128,"Indiranagar, Bangalore",8am – 11:45pm,900,,"['Desserts', 'Bakery', 'Coffee', 'Beverages']"
486,"Portions, Fresh Food, Packing, Good Quality, Delicious Food, Value for Money",4.3,3,"BTM, Bangalore","12noon – 3:30pm, 7pm – 11pm",400,,"['Biryani', 'Fast Food']"
487,"Chinese, Friendly Place, Decent Place, Reasonable Price, Combo, Good Place",3.7,4,"Malleshwaram, Bangalore",12noon – 10pm,450,"Alfredo Pasta, Tacos, Manchow Soup, Gobi Manchurian, Pastas, Lassi","['Pizza', 'Fast Food', 'Chinese', 'Beverages', 'Shake', 'Italian', 'Mexican', 'Juices']"
488,,4.1,14.5,"Rajajinagar, Bangalore",12noon – 11pm,400,,"['Biryani', 'North Indian', 'South Indian']"
489,"Comfortable Seating Area, Good Quantity, Reasonable Price, Good Taste, Value for Money, Prices",4,20.4,"BTM, Bangalore",11:30am – 11:30pm,400,,"['Chinese', 'Seafood', 'Sichuan']"
490,,4.1,263,"1 Sobha, Bangalore",11am – 11pm,2000,,['Rolls']
491,"Relaxed Atmosphere, Decent Ambience, Friendly Place, Interior, Good Value, Good Quantity",3.6,30.7,"BTM, Bangalore",11am – 3am,950,"Vegetable Thukpa, Chicken Cheese Fried Momos, Honey Crispy Chicken, Ginger Chicken, Chicken Hakka Noodles, Manchow Soup","['Chinese', 'Momos', 'Seafood', 'Thai', 'Sichuan']"
492,,4.2,42,"Hosur Road, Bangalore",,2000,,"['Chinese', 'Thai']"
493,,4.2,660,"Vijay Nagar, Bangalore",11:30am – 10pm,2000,,"['Biryani', 'South Indian']"
494,"Live Music, Healthy Food, Cleanliness, Authentic Taste, Location, Best Place",4.4,3,"Basavanagudi, Bangalore","12noon – 4pm, 7pm – 10:30pm",350,"Jowar Rotis, Jolada Rotti, Sambar, Coffee","['South Indian', 'Fast Food', 'Chinese', 'Street Food', 'North Indian', 'Desserts', 'Beverages']"
495,,4.2,1,"Shanti Nagar, Bangalore",7am – 10:30pm,350,,"['South Indian', 'North Indian', 'Chinese', 'Street Food', 'Beverages', 'Shake']"
496,"Cute Little Place, Great Recommendations, Tandoori, Prompt Service, Reasonable Price, Great Taste",4.2,13.2,"Jeevan Bhima Nagar, Bangalore",12noon – 11:30pm,300,"Chicken Shwarma Roll, Double Egg Roll, Shawarma, Rolls, Fried Rice, Biryani","['Chinese', 'North Indian', 'Rolls']"
497,"Cute Packaging, Great Portions, Worth the Money, Delicious Food, Value for Money, Taste",4.4,424,"Indiranagar, Bangalore",,300,,"['Healthy Food', 'Sandwich', 'Salad', 'Italian', 'Fast Food', 'Desserts', 'Beverages', 'Continental']"
498,,3.6,66,"Jayanagar, Bangalore",,1000,,"['North Indian', 'South Indian', 'Sandwich', 'Street Food', 'Fast Food', 'Beverages']"
499,,4.2,1,"BTM, Bangalore",11am – 11:30pm,300,,['South Indian']
500,,4.1,1,"Brigade Road, Bangalore",8am – 10pm,1000,,"['Street Food', 'Fast Food']"
501,"Chirpy Crowd, Elegantly Decorated, Customizations Available, Good Portions, Great Recommendations, Mouth Watering Food",3.4,13.4,"Ulsoor, Bangalore",9am – 1am,450,"Pav Bhaji, Aloo Paratha, Kabab, Pasta, Pizza","['Biryani', 'Kerala', 'North Indian', 'Chinese']"
502,"Polite Staff, Tasty, Good Food, Quality, Ambience",4,2,"Shanti Nagar, Bangalore",12:30pm – 11:30pm,400,,"['Chinese', 'North Indian', 'Mughlai']"
503,,4.1,684,"Yeshwantpur, Bangalore",12noon – 10pm,2000,,"['Biryani', 'Tamil', 'Kebab']"
504,,4,112,"BTM, Bangalore",12noon – 12midnight,300,,"['Biryani', 'South Indian']"
505,,4.3,54,"Shanti Nagar, Bangalore",12noon – 12midnight,1000,,"['Ice Cream', 'Desserts']"
506,"Great Place, Good Place, Good Food, Value for Money, Service",4.1,888,"BTM, Bangalore",8:30am – 11pm,350,"Chicken Sandwich, Wraps, Juices, Shakes, Sandwiches, Burgers","['Fast Food', 'Sandwich', 'Burger', 'Wraps', 'Rolls', 'Shake', 'Juices', 'Beverages']"
507,"Cleanliness, Best Places, Student Crowd, Prices, Good Place, Portion",4.1,4,"Richmond Road, Bangalore",12noon – 12midnight,500,"Beef Shwarma, Beef Rolls, Sheek Roll, Jumbo Roll, Haleem, Kababs","['Rolls', 'Biryani', 'Fast Food', 'Arabian']"
508,"Good Quantity, Good Taste, Best Place, Value for Money, Prices, Good Service",4.1,5,"Shivajinagar, Bangalore",10am – 10pm,800,"Mutton Paya, Mutton Brain, Ghee Rice, Chicken Kabab, Kebabs, Tandoori Chicken","['Biryani', 'North Indian']"
509,"Family Favorite, Nice Food Quality, Good Staffs, Good Services with Good People, Prompt Staff, Good Food Good Quality",4.1,17.3,"Frazer Town, Bangalore",11am – 2:30am,1000,"Karachi Chicken Curry, Karachi Naan, Dabba Gosht, Fruit Cocktail, Gosht Nihari, Nalli Gosht","['Kashmiri', 'Mughlai', 'Arabian', 'BBQ', 'Seafood', 'Biryani', 'North Indian', 'Desserts']"
510,,4.1,852,"Brigade Road, Bangalore",9am – 10:30pm,2000,,"['Kerala', 'Biryani', 'North Indian']"
511,,4.3,986,"Residency Road, Bangalore",9:30am – 10pm,500,,"['Bakery', 'Desserts', 'Fast Food']"
512,"Extensive Menu, Worth the Money, Great Portions, Timely Service, Delicious Food, Price",4.2,3,"Hosur Road, Bangalore",7am – 11pm,2000,,"['Beverages', 'Juices', 'Healthy Food']"
513,"Student Crowd, Fast Delivery, Nice Taste, Young Crowd, Good Quantity, Customizable Food",3.9,27.1,"Basaveshwara Nagar, Bangalore",11:30am – 3am,300,,"['Biryani', 'South Indian']"
